metrics,ed_lf,ed_rf,ed_lr,ed_rr,edn_lf,edn_rf,edn_lr,edn_rr
mean,20.169964024898114,16.60112552674019,18.084103573564118,21.6722953659637,0.057241194995683774,0.0463063952607007,0.05276399151771602,0.061089692965956226
min,0.5753186648990131,1.0914501533607104,0.21900298612117752,0.4476933661980157,0.0011076880795993945,0.003492640490754273,0.0006758469856491999,0.0012487442977687187
max,177.11868152103548,181.2292229470733,169.70112169082736,200.4621321004294,0.5333520648958467,0.5425593587774771,0.5127901543915224,0.6054748569011918
median,13.796428185007253,13.601320741138352,15.991762901972084,15.946523946508295,0.03848011845933973,0.038348482670843245,0.04154277283156468,0.047138667670415205
