metrics,ed_lf,ed_rf,ed_lr,ed_rr,edn_lf,edn_rf,edn_lr,edn_rr
mean,25.018401387473077,28.709815249319455,22.32755980413316,27.66312397922303,0.070716602232715,0.07909721800339392,0.06214313120204885,0.07711670560515083
min,0.6649604560452771,0.6655288214887528,0.550855509844929,1.054085623348693,0.0018592991366562905,0.0017931300902421575,0.001521859630464868,0.002591314236021111
max,189.48589987120414,179.50128394387602,174.77795064380976,205.4293902415134,0.5705930910114171,0.5424035515496063,0.5281309363302662,0.6207511635098161
median,16.55747823339106,22.077433170998884,19.08296320971356,21.547080367494832,0.045496815146098185,0.0581890105390512,0.049458147539670004,0.060422706131129766
