cow,vol_udder,vol_lf,vol_rf,vol_lb,vol_rb,sarea_udder,sarea_lf,sarea_rf,sarea_lb,sarea_rb,eu_front,eu_back,eu_right,eu_left,gd_front,gd_back,gd_right,gd_left,peri_udder,area_udder,circ_udder,exc_udder,peri_lf,area_lf,circ_lf,exc_lf,peri_rf,area_rf,circ_rf,exc_rf,peri_lb,area_lb,circ_lb,exc_lb,peri_rb,area_rb,circ_rb,exc_rb,len_lf,len_rf,len_lb,len_rb,animal_number,min_date,max_date,count_date,min_dim,max_dim,lactation,milk_flow_duration_mean,yield_visit_mean,yield_lf_visit_mean,yield_lr_visit_mean,yield_rr_visit_mean,yield_rf_visit_mean,peak_flow_rf_mean,peak_flow_lf_mean,peak_flow_rr_mean,peak_flow_lr_mean,notmilk_visit_duration_mean,notmilk_visit_duration_std,interval_sec_mean,kickoff_lf_sum,kickoff_lr_sum,kickoff_rf_sum,kickoff_rr_sum,kickoff_front_sum,kickoff_back_sum,kickoff_any_sum,total_yield,total_visits,kickoff_lf_perc,kickoff_lr_perc,kickoff_rf_perc,kickoff_rr_perc,kickoff_front_perc,kickoff_back_perc,kickoff_any_perc,yield_lf_visit_sum,yield_lr_visit_sum,yield_rr_visit_sum,yield_rf_visit_sum,interval_visit_mean
962,,5.573957541887206,4.085820276402695,1.1114116428574283,1.092560294833564,,,804.5705321533461,,,17.81899546480697,,19.782035178265044,21.64846066170968,33.57345374640323,,,29.70357006484138,,,0.7747024483411966,0.5963755089260108,852.4173516239526,,0.69746011405273,0.6393726931073498,621.3574311003805,22633.0,0.7364511621625883,0.7597342027347302,542.5107140124046,15590.0,0.6643836185118361,,505.2741699796952,12677.0,0.6235820375688348,0.7222363281825958,42.45733244970958,,37.86215491334518,,962,2023-07-22,2024-07-05,355,0.0,349.0,4,337.5449844881076,16.198779731127196,3.2618510858324714,5.471944157187177,4.907807652533609,2.55717683557394,1.5255015511892451,1.5050879007238884,1.4912512926577042,1.6773940020682525,95.11271975180972,26.14754903317101,30473.68665977249,16,3,3,2,19,4,7,15746.16,975,1.641025641025641,0.3076923076923077,0.3076923076923077,0.2051282051282051,1.948717948717949,0.4102564102564102,0.717948717948718,3175.66,5307.6,4774.74,2488.16,30466.20923076923
1023,5.71478345746605,1.621161904286881,1.6999280746746497,1.0399279237305148,0.9185184466962032,1950.0882188323585,590.2414754879745,618.2521601280478,416.5172867456369,402.92971799759954,17.495512389638932,7.698302997872322,24.10803913562395,24.84622095816886,28.64552057449493,15.524940001808584,25.09615224441089,25.734496954674825,1004.38181771802,63911.0,0.7941578568742836,0.5876525285966997,527.3208511739211,16527.0,0.7492618138444672,0.6323527359062887,569.5756851698602,19119.0,0.7423722898661563,0.67467262596326,508.048773235279,14489.0,0.7043066244200418,0.6629297396322987,505.469083452062,13280.0,0.6548864219593112,0.5773820304935847,48.38712135075683,44.50049484184829,36.84477649421559,37.68154813458375,1023,2023-07-23,2023-11-17,123,0.0,117.0,4,401.8475073313783,19.65683284457478,4.840791788856305,4.785806451612904,5.084281524926686,4.945953079178885,1.322991202346041,1.8040469208211145,1.635659824046921,1.6836950146627565,98.73900293255132,26.229517009131985,28554.876832844573,0,1,0,1,0,1,1,6749.36,346,0.0,0.2890173410404624,0.0,0.2890173410404624,0.0,0.2890173410404624,0.2890173410404624,1666.72,1636.48,1743.94,1702.22,28775.03179190752
1061,8.568867840547767,3.3976858128382337,3.2028581191249583,0.7279018409338214,,2408.8638323787795,851.6362227615297,834.2170049938295,294.6345553617055,,13.27011098503577,7.943372545231877,15.75677177759506,13.268326623672522,25.27730337774826,15.37649098932368,21.65722420943739,17.90863325302403,1057.7615433949868,75677.0,,,713.7066735052979,25813.0,,0.6290438876099778,636.3929650063131,22520.0,0.7022119080157484,0.6035929542631274,458.5584412271571,9627.0,0.595592487174881,0.5786749828218534,,,,,38.25734973566109,49.5397394170046,25.44304017358624,,1061,2023-02-06,2023-11-17,290,0.0,284.0,3,423.3396464646465,18.463674242424243,5.435555555555555,,7.111085858585858,5.917032828282828,2.01689393939394,1.623409090909091,1.6337878787878788,,71.58459595959596,25.81188223109452,30429.141414141413,1,0,0,1,1,1,1,14650.23,796,0.1256281407035175,0.0,0.0,0.1256281407035175,0.1256281407035175,0.1256281407035175,0.1256281407035175,4306.97,0.0,5646.94,4696.32,30406.45351758794
1074,8.226312229891251,3.949913653458976,1.996374416633472,1.375643035493214,0.793431656848649,2117.6607016158164,1062.524430198065,,461.61076489256897,278.7098577981656,17.57360149849605,7.500773437798092,21.45402473258762,19.28032675843676,27.28108357975338,16.8647589745094,21.605180793980104,28.33403245255409,1028.2640687119283,67788.0,0.8065857930735808,0.6800792854026935,687.8366158202092,28806.0,0.7662431664749897,0.6095496209599829,564.2264427649427,15961.0,0.6382355832659058,0.8589012148732651,475.3807716974934,11705.0,0.655056670506862,0.5488491866837156,489.8477631085024,10742.0,0.5650889686978485,0.8560982229817673,44.53672367606391,,,,1074,2023-04-09,2024-04-09,374,0.0,366.0,3,302.59771126760563,16.9331426056338,3.3285827464788733,5.235528169014085,5.455202464788732,2.9138292253521128,1.7904929577464788,2.044119718309859,1.810352112676056,2.011109154929577,141.01144366197184,47.00146076305648,27162.399647887323,2,4,2,4,3,6,7,19316.64,1144,0.1748251748251748,0.3496503496503496,0.1748251748251748,0.3496503496503496,0.2622377622377622,0.5244755244755245,0.6118881118881119,3802.15,5968.17,6219.16,3327.16,27177.992132867133
1081,9.478594789784337,4.8004541639296985,3.181683452484661,0.8290212297487819,0.5933647354680847,2463.0798437386006,787.6250147083648,783.3901594937788,551.8267801388976,337.9215195438238,13.147271882764974,7.400913635264519,18.36429222687928,19.71520068322834,27.78946178662928,15.94029328165476,22.67958081191103,27.26245967021727,1173.8031739553294,83867.0,0.7630478030296478,0.5816698905147472,754.541197284454,32392.0,0.7140692185690887,0.7294858007135578,702.97875144394,26819.0,0.683042370688593,0.8040351792724539,470.57568516986026,13561.0,0.7651935002000329,0.4349319180922186,431.7411613907042,10606.0,0.7186332511011537,0.6822706735737544,,50.10124418702952,45.33573915854256,40.27209617616273,1081,2023-03-04,2024-02-17,356,0.0,350.0,3,349.9055944055944,21.09734265734265,4.955955710955711,5.577261072261072,5.358216783216784,5.205909090909091,1.7986713286713287,1.7585314685314684,1.8344755244755244,1.4682517482517483,94.2902097902098,25.38429805648721,34609.75874125874,0,0,0,0,0,0,0,18163.72,864,0.0,0.0,0.0,0.0,0.0,0.0,0.0,4266.76,4794.01,4617.52,4485.43,34578.25462962963
1084,6.723700716846214,2.215566381630321,2.372781229628752,0.8781321192171195,0.7843984869007803,1906.1535932255952,656.9575509429052,574.1090958023414,416.1194196022633,271.70275223954235,13.039555792189752,7.455973219274639,20.99698754931575,14.871327080090785,21.87414107179972,12.600173640474786,22.60399160314605,20.107085085141293,1014.4858941188764,61709.5,0.7552906324607576,0.6898772032138323,582.250306372319,20421.5,0.7573101973949605,0.6926897568178663,566.2711216524904,18232.0,0.7146630755565946,0.8250253012253588,476.9838020778234,13486.0,0.7518651121536003,0.6516041006256426,414.6848122046001,9039.0,0.6618816621101702,0.7577535024794977,31.30932372655741,44.28290626536286,34.84333630870936,26.45985062546212,1084,2023-06-20,2024-04-09,300,0.0,294.0,3,314.66840052015607,17.721716514954487,3.987152145643693,5.02334200260078,5.019674902470741,3.691547464239272,1.552665799739922,1.8353446033810144,1.6549544863459038,1.727438231469441,98.85565669700912,25.73677294518466,32219.26788036411,0,1,1,5,1,6,7,13747.14,777,0.0,0.1287001287001287,0.1287001287001287,0.6435006435006435,0.1287001287001287,0.7722007722007722,0.9009009009009008,3077.1,3904.32,3897.34,2868.38,32296.14671814672
1089,8.459232116702184,3.4383739414655925,2.7781520414446605,0.9244405701427107,0.925373256638332,2170.740877627175,810.3783384545924,692.766176317715,320.67477445448344,381.5271014210228,14.288840195874949,6.474104351223612,18.749517563729064,16.67618625376405,29.97729313285592,13.881111714944597,22.41660726875196,22.65756458076825,1053.134126397017,71133.0,0.8065152968147613,0.6197077703524547,663.6711395993651,26611.0,0.756198369889961,0.7259096095242145,593.4751801064718,20625.0,0.7340389313564458,0.7442240663423341,436.63455967290594,10408.0,0.6852145283694633,0.6054758892138983,499.6406563273158,12939.0,0.6544370630341859,0.7146227925742864,48.85984787984727,51.98251148507871,36.927979705707,32.74114956148908,1089,2023-04-30,2024-05-28,403,0.0,394.0,3,270.36933461909354,18.70712632594021,4.152150433944069,4.903182256509162,5.321427193828351,4.330366441658631,2.1621407907425265,2.1160270009643205,1.9313404050144647,2.022873674059788,97.152362584378,25.822529273126133,32246.799421407908,1,0,1,0,2,0,1,19468.33,1047,0.0955109837631327,0.0,0.0955109837631327,0.0,0.1910219675262655,0.0,0.0955109837631327,4321.78,5102.4,5538.69,4505.46,32156.46800382044
1098,7.619284320248025,3.1019538402640365,2.6423369057670727,0.8069935715027073,0.6082336700334248,2303.3847181989463,814.8832193735107,665.7525328593423,417.81981858272985,355.85510808329724,19.326862114244577,5.032730056011018,24.50293646230408,,31.67137624494584,14.640972136893945,26.25439694902288,28.56479882019034,,,,,722.7777413171634,31916.0,0.7699305138175974,0.5971899068482119,702.8843430349616,29244.0,0.7411399391830751,0.6829993485768852,527.2031021678298,15996.0,0.7347208647535293,0.584576456140091,512.0315292925759,13348.0,0.6381118568008433,0.6316454065819257,42.89385071952725,42.6787865210736,45.682466493949136,41.13237844839384,1098,2023-03-10,2024-02-17,351,0.0,344.0,3,329.65749235474004,18.067339449541286,3.430397553516819,4.557971457696228,4.621692150866463,5.457278287461774,2.068134556574924,1.689724770642202,1.5426299694189602,1.4636085626911317,96.70336391437309,25.730881130940187,29428.092762487257,1,6,0,6,1,11,11,17873.32,997,0.1003009027081243,0.6018054162487462,0.0,0.6018054162487462,0.1003009027081243,1.103309929789368,1.103309929789368,3396.82,4517.23,4570.04,5389.23,29365.65295887663
1100,7.6045362160295396,3.4003408943587665,2.871732798776601,0.6579431362450074,0.546071448962019,2037.443215482186,766.4557040374784,621.6320003896682,384.3062837552805,274.95044551965486,13.89906635926004,,23.946778497040267,21.3448935794914,24.11102419446749,,25.578766740412856,22.383107682991145,1154.3473298326137,71696.0,,0.6659661497476412,708.1980515339465,29861.0,0.733205438982397,0.731493387360985,644.2091988222396,20205.0,0.6026928024073976,0.8984926553798981,526.7594513539337,13707.0,0.630051103298726,0.4601768022479067,368.56958851545033,7411.0,0.7037872137545356,0.7503781068636,30.696688926704663,,39.03419754899098,25.754763307288968,1100,2023-02-06,2024-01-24,360,0.0,352.0,3,351.9845132743363,19.71015486725664,4.056714601769912,6.029347345132743,5.533506637168141,4.09058628318584,1.4925,1.3575000000000002,1.7283185840707966,1.7094690265486727,94.16592920353982,26.31050450711891,33179.89380530974,0,3,1,1,1,4,5,17829.52,905,0.0,0.3314917127071823,0.1104972375690607,0.1104972375690607,0.1104972375690607,0.4419889502762431,0.5524861878453038,3670.75,5450.53,5006.8,3701.44,33177.967955801105
1102,8.658630891960433,4.072827894359751,2.6187533975060635,0.6852380575008675,0.6458548233889201,2339.550023049389,876.0386792211342,782.9963522294993,298.43834251555046,365.7810273759844,15.880683758287104,5.690712152384784,16.860539384302626,17.802492307286755,27.38457727351863,13.907078067505344,22.35813123566996,22.55784534025234,,,0.7498494481757545,0.6396588245213113,826.0559159102154,,0.7015863513707813,0.79125178239043,669.2985565973348,24009.0,0.6873059440668603,0.7860964457818915,439.2203461105328,10287.0,0.674379355542861,0.5421889677323332,489.9898987322333,12526.0,0.6510570130283141,0.7973994130563553,54.18040855440474,,37.16011683663263,35.985604428482695,1102,2023-04-19,2024-02-17,308,0.0,304.0,3,283.41291108404386,18.28143727161997,5.051693057247259,4.3111449451887935,4.793714981729598,4.124884287454324,1.924969549330085,1.937904993909866,1.7213641900121803,1.6713763702801463,95.66138855054812,25.671087134263352,31435.80998781973,1,5,0,2,1,6,6,15076.35,826,0.1210653753026634,0.6053268765133172,0.0,0.2421307506053268,0.1210653753026634,0.7263922518159807,0.7263922518159807,4171.09,3554.22,3952.74,3398.3,31439.40799031477
1127,10.163407113884825,,2.808649517040904,,0.6063749953055986,2306.2522319602085,1169.27471385995,742.6857296276676,459.1586919661893,158.7015406406724,13.10638558972704,9.94713940794401,17.106550894487913,17.6934189113439,25.25833017150648,13.214120846308496,20.657812334828517,20.740866132480956,1083.2590180780453,72477.0,0.7801192014731095,0.5392925859761095,835.6122650963194,34071.5,,0.6969951060992747,646.842712474619,22858.5,0.6968713211661639,0.8123311705218158,435.46298679765215,9894.5,0.7237122050110318,0.552544535995136,310.12846301849606,4579.0,0.6159960969706635,0.7449198454215138,46.96979865726118,36.83780953940946,21.29236259548483,24.00914521383924,1127,2023-10-06,2024-12-16,440,0.0,437.0,3,319.9245810055866,17.692020484171323,4.527262569832402,5.282588454376164,3.425093109869646,4.45707635009311,1.6551955307262571,1.6332960893854749,1.7985474860335195,2.0234078212290503,101.02513966480448,27.29450581607508,33467.928305400375,4,13,6,10,10,23,27,19465.93,1114,0.3590664272890485,1.1669658886894074,0.5385996409335727,0.8976660682226212,0.8976660682226212,2.064631956912029,2.423698384201077,4995.91,5800.09,3767.76,4902.17,33484.87163375224
1139,10.248961515131946,,2.617015605335534,1.0278874848008912,0.7401983156977605,,,747.2629872395589,437.77053226981656,417.8094567600471,14.205755101215605,5.771234473674402,18.49821305096461,20.13723283592098,30.77086963783171,14.624117992896968,25.20264881096087,27.235028912087923,1148.9331162702408,81581.0,0.7776772227927882,0.5845826261032857,,,,0.5508509420733837,607.8305191657993,20331.0,0.693242659635649,0.8095817494085047,465.4274528917194,12404.0,0.7111693981553076,0.3988707230568997,464.9188309203679,9744.0,0.5638581283036164,0.7610328400703515,,53.78596193495451,48.24266691038555,42.01701612019028,1139,2023-09-24,2024-08-20,340,0.0,331.0,3,505.0810473815461,17.500149625935162,3.2514339152119702,5.112493765586035,5.788466334164589,3.347755610972569,1.1970074812967582,0.9695012468827928,1.3079551122194517,1.4233167082294265,97.61221945137156,27.013900344026105,34046.14463840399,2,11,1,11,3,22,23,14369.66,827,0.241837968561064,1.3301088270858523,0.120918984280532,1.3301088270858523,0.3627569528415961,2.6602176541717046,2.781136638452237,2637.54,4211.36,4760.81,2759.95,33949.81015719468
1144,,4.828315339237046,,,1.1410494865994387,,950.120959790362,918.6779964764672,526.7634953766388,330.1109361344154,17.838291671568975,8.193293589517456,21.59157343294784,20.879509565550723,33.11265346975157,18.1144093551292,29.24070205988697,29.417346611235097,1057.8376618407356,69102.0,0.7753731260087977,0.6918416299440088,653.7827919510468,25998.0,0.7604317224343752,0.7161004745401632,613.747258045114,20958.0,0.7001963367427056,0.8544908120317477,481.9066376115481,14052.0,0.7525314260870349,0.4486592634320916,403.7289680818844,7491.0,0.6042597571191237,0.8108825818920055,,30.935547249203644,47.88267049891101,42.30828986822971,1144,2023-08-23,2024-06-14,302,0.0,296.0,3,306.38847117794484,17.91874686716792,3.128458646616542,5.8980200501253135,5.656115288220551,3.2361528822055137,1.9584210526315788,2.099624060150376,2.083308270676692,1.8393233082706768,97.1453634085213,26.29890766452224,31506.629072681702,2,1,1,2,3,3,4,14341.28,802,0.2493765586034912,0.1246882793017456,0.1246882793017456,0.2493765586034912,0.3740648379052369,0.3740648379052369,0.4987531172069825,2503.29,4714.63,4530.5,2592.86,31499.56857855361
1148,,4.70165474883063,3.880928238913208,,0.8681219324553416,2592.6978093074213,925.0165750026624,803.9827710735519,,213.0800626262184,20.26484164481483,7.239638250754915,,,33.32260548857498,18.247160248322576,26.58258225221425,30.63684746594145,1194.1879502661795,,0.7775565840851183,0.5205712744502777,732.842712474619,30102.0,0.7033774446470578,,673.8721497261419,26685.0,0.7390507900789662,0.7600412526765534,,,0.595000352086505,0.5858771950576679,384.07821048680194,8072.0,0.685564058585211,0.7390224497264165,43.92831059855721,54.34147074812125,31.52793401326929,38.26241919418692,1148,2023-07-11,2024-05-28,326,0.0,322.0,3,243.18893129771,14.741956106870228,3.754494274809161,4.28057251908397,2.209160305343511,4.497729007633588,2.145687022900763,2.103549618320611,1.4242557251908396,2.3686832061068706,92.47900763358778,25.226983668910165,25686.536259541987,1,2,0,3,1,5,5,15653.64,1070,0.0934579439252336,0.1869158878504673,0.0,0.2803738317757009,0.0934579439252336,0.4672897196261681,0.4672897196261681,3967.12,4556.22,2351.58,4778.72,25674.22336448598
1151,7.795235651834591,3.4527963051052373,1.848125266360476,1.171835520194563,0.8532858830665766,2078.549506694256,837.4528504156997,461.74472236112615,430.7066040351124,370.4764522524979,18.603804531331264,4.201385408308052,23.400187196066888,,29.39281443050423,10.37005909837568,23.985955646618773,26.70326947691248,1111.7615433949868,77424.0,0.7873642944302387,0.7048439160713191,722.6589462905454,29788.0,0.7108672827214887,,523.5462479183374,14889.0,0.6826823545269379,0.7693488782377269,569.8721497261419,15467.0,0.6026188466386397,0.7137696207569465,,,0.556865682690747,0.8503101934797238,49.78777321186839,43.27111354484393,44.66698075767846,28.421093945418583,1151,2023-07-30,2024-05-28,311,0.0,303.0,3,223.75234131113424,15.90993756503642,3.5603642039542147,4.494443288241415,4.32588969823101,3.5292403746097816,2.5169406867846,2.5290530697190428,2.5121331945889698,2.46006243496358,93.35483870967742,25.8165805894842,26501.77627471384,1,0,0,0,1,0,0,15454.72,977,0.1023541453428864,0.0,0.0,0.0,0.1023541453428864,0.0,0.0,3458.9,4366.76,4202.78,3426.28,26492.10133060389
1153,6.584192687271515,3.061955223667048,2.306520406929009,0.3089526992933515,0.4145190933832657,1951.309601276197,966.5325239714282,612.8357813798984,168.3515540704797,251.39829654059528,14.389650516284703,7.120422528831143,18.621720880280574,19.02425195753092,23.586521484964265,12.872805742440065,19.652148908520328,20.8151459858418,1085.17575695736,77051.0,0.8214642792638903,0.4822924995762197,858.1503243191938,35268.0,,0.7131043572176461,655.706673505298,24271.0,0.7076456064386318,0.7607265726350368,343.82947314527274,6608.0,0.7007164343136416,0.6561874689991763,427.94826817189073,10293.0,0.7068238334149866,0.7573436140874769,40.94768332805172,38.04469804751394,31.32268327849557,30.42524242174331,1153,2023-09-03,2024-07-05,311,0.0,306.0,3,243.70128479657387,16.64899357601713,3.4663276231263387,4.524089935760172,4.290974304068523,4.367601713062099,2.1981584582441114,2.1267880085653106,2.4739400428265523,2.540620985010707,101.20235546038543,26.91120635854165,27669.79229122056,3,18,9,14,12,25,33,15658.35,944,0.3177966101694915,1.9067796610169487,0.9533898305084746,1.4830508474576272,1.2711864406779665,2.6483050847457625,3.4957627118644066,3263.62,4252.46,4036.59,4105.68,27637.58898305085
1159,9.664792486983778,,2.490803655382808,0.8741031826891098,0.7344710565919728,2175.480182735425,944.4784391799626,625.1726182228754,460.3621441026922,229.27300339373696,16.089359766660237,4.504528654941139,,,28.05058128076972,10.536584000213018,26.358021138119963,26.88576337041784,1088.9331162702408,73591.0,0.7772997957611185,0.6217180096214221,803.0203820042827,31798.0,,0.6177069561636189,589.889393668845,19522.0,0.7039863326113859,0.8109971876968028,490.2741699796952,13417.0,0.7094112567229841,0.3968040022347967,398.912734265958,8201.0,0.6498586841109352,0.7707369886831027,51.263534638189306,46.293322781852574,33.295248214481454,33.05949185744998,1159,2023-11-09,2024-09-23,325,1.0,320.0,3,339.5300794551646,17.35300794551646,4.613757094211124,3.984869466515324,4.068796821793416,4.685584562996595,1.5880590238365493,1.4961861520998867,1.5606129398410895,1.2638819523269014,95.11237230419977,25.04790580844044,30576.101021566403,0,15,1,9,1,21,22,15374.32,890,0.0,1.6853932584269662,0.1123595505617977,1.0112359550561798,0.1123595505617977,2.359550561797753,2.4719101123595504,4094.28,3536.18,3595.0,4148.86,30552.029213483147
1163,4.360501486344896,1.1116717323350191,1.9783907024577807,0.6623432724981466,0.6036915088715786,1818.0747138055297,663.7310090118932,599.2757685620224,255.2999287347077,316.52863914300013,20.255726815796653,10.457233912884991,,,29.03936086782432,19.21639211596459,27.3157200133067,30.456531346739336,1065.7199128346442,70843.0,0.7853942062575668,0.6307716264667088,662.3158005400378,26066.0,0.7581846905528026,0.6983621537664011,701.1980515339463,23792.0,0.6204341125041408,0.811741274693031,433.64675298172574,10296.0,0.6836488032613885,0.5870983338281324,520.2152954766495,10190.0,,0.7396873560363852,,40.22710555445624,49.78091578182717,40.48649187946293,1163,2023-08-09,2024-08-20,384,0.0,377.0,3,520.4494706448509,14.80714148219442,0.6054667949951877,5.581770933589991,5.014408084696824,3.605495668912416,0.978363811357074,0.7907988450433109,1.1788065447545717,1.2948219441770934,94.44947064485082,28.129262206844327,30165.455245428297,3,150,12,64,14,173,176,15600.44,1058,0.2835538752362949,14.177693761814744,1.1342155009451798,6.049149338374291,1.3232514177693762,16.351606805293006,16.6351606805293,639.08,5864.68,5290.2,3806.48,30151.71077504726
1164,,5.255461554667713,4.272438303950821,,0.62364254114226,2650.7475398136703,1053.0325837193168,778.7020390848226,,246.33014225358136,17.56985654493077,9.6798261209614,21.20398368752556,17.828949629976474,26.25328240318312,16.955129323954754,22.67696034324912,25.89344208111265,1147.5777772109132,80677.0,0.7698309110601235,,713.445742854949,30133.0,0.7510371993191293,0.7095594671140182,723.2274887854693,23359.0,,0.8805541152707799,569.8893936688451,,0.7283895396375731,0.3845263190238645,403.01933598375615,7965.0,0.6357748327808311,0.8612505043562378,51.22964952219754,28.673349216869475,45.49346011533187,36.98710176897018,1164,2023-10-25,2024-10-22,368,0.0,363.0,3,276.5071574642127,17.516472392638036,3.6450613496932514,4.707484662576687,4.606912065439674,4.557014314928425,2.3033128834355825,2.1819018404907977,2.101472392638037,1.8867484662576688,92.879345603272,25.76052542545836,31343.606339468304,0,7,8,9,8,14,21,17257.31,989,0.0,0.7077856420626896,0.8088978766430739,0.910010111223458,0.8088978766430739,1.4155712841253791,2.1233569261880687,3588.31,4642.02,4530.57,4496.41,31351.58543983822
1168,10.095375456466895,4.229279219817575,2.9965358573836065,1.2338348434864006,0.940288031989438,2504.195431168392,862.8748301981764,755.1285190859694,552.5036213647609,327.37556679118626,16.28876190508474,5.90355785754257,20.063908856597244,22.082035948324723,30.230147805639184,13.441505702621273,24.4145951626122,25.35498191789363,1110.7909806465098,73786.0,0.7511868387105758,,661.6589462905454,27159.0,0.7817087980759181,,566.5076656851998,18408.5,0.7216829816363062,0.6246005567074109,535.5315292925759,,0.7414223842784806,0.3933538610813468,457.2264427649428,10301.0,0.6190970723870243,0.7805132783538015,37.0539906701996,27.11948809870733,,41.899636441374376,1168,2023-09-17,2023-11-17,63,0.0,61.0,3,531.5380710659898,18.346700507614216,4.710456852791879,5.075228426395939,4.252842639593909,4.308172588832488,0.9931979695431472,1.00751269035533,1.243756345177665,1.2149238578680204,96.78680203045684,27.237527166565314,26026.21827411168,0,0,0,0,0,0,0,3618.47,198,0.0,0.0,0.0,0.0,0.0,0.0,0.0,929.07,1000.88,838.62,849.9,26066.52525252525
1170,6.093923621267238,2.229985999061914,2.254965044832619,0.4809332436063074,0.5533852742481171,1851.275091933443,575.7435051412247,511.0343528535478,458.94113493779736,217.6911577912474,13.53316617107678,5.312604498313857,21.233023203710523,20.235315644316096,27.3290820219727,12.488647073082902,23.627547046548703,23.911612040965803,1024.8082245892128,65768.0,0.7877190038971755,0.6391963012411673,603.611219075793,21532.0,0.7406238050222013,0.625949869627464,575.58787847868,20013.0,0.7569718003698277,0.7410283440842278,489.60512242138304,14454.0,0.7562362786290858,0.6479769519796006,429.2203461105328,9363.0,0.6401434134866307,0.761057865532937,44.89584124416768,45.75773080453198,36.17601642276906,37.16440020798021,1170,2023-11-03,2023-11-17,15,0.0,14.0,3,202.93103448275863,12.009655172413794,2.056206896551724,2.8682758620689657,4.04448275862069,3.040689655172414,2.033793103448276,1.6882758620689655,1.8972413793103449,2.04,95.0,34.95507320629072,41444.1724137931,0,0,0,0,0,0,0,348.28000000000003,29,0.0,0.0,0.0,0.0,0.0,0.0,0.0,59.63,83.18,117.29,88.18,41444.1724137931
1171,8.780818663972678,2.9935284533818174,2.433769182113207,,1.0170935544167408,2147.023742019766,657.2392626498175,578.7417628418359,537.9830797304649,467.50446649620494,18.50570042874263,7.613050448737442,,24.71508306364272,28.73000107477388,16.730839778901615,24.02885849017333,24.47927634696524,1065.5361466505706,71369.0,0.7910088709279365,0.5164277134508468,576.8122292025696,20298.0,0.7714640016829881,,538.8416664540924,15910.0,0.722763521371,,,,0.5894044691132703,0.725727103526864,563.9898987322333,,0.6129870619874428,0.8422242783021039,38.07545696686867,36.65663454294972,36.32947424440035,34.65620377423647,1171,2023-01-03,2023-11-17,322,0.0,318.0,2,288.4912516823688,19.89905787348587,5.094078061911171,5.1443472409152085,4.546541049798115,5.114091520861373,1.9397846567967696,1.9145087483176315,2.185841184387617,2.3444952893674293,99.36877523553164,26.11391578879115,36487.02153432032,2,7,2,1,3,8,10,14828.66,746,0.2680965147453083,0.938337801608579,0.2680965147453083,0.1340482573726541,0.4021447721179624,1.0723860589812333,1.3404825737265416,3799.96,3828.65,3391.21,3808.84,36487.93699731903
1173,9.111657319421576,2.736533717894363,3.3681315362088253,1.0747008913456984,0.8836503428121391,2541.31900548414,828.0207989016061,913.8950789740336,415.708393655593,387.0736976526371,21.46563744587685,11.306974108612838,23.68758846175926,20.882071426327585,29.51403905163109,20.31398312052504,23.63601604530372,25.329289966935463,1167.6509370638316,82838.0,0.7639021350477084,0.5773765873146327,637.5128060534578,22934.0,0.7121624073447729,0.6204019221220277,673.2346314604057,27825.0,0.7688454883236503,0.6739997407164806,561.3290398693841,,0.6763464017510119,0.6930131708660818,499.1391770309007,14875.0,0.7547251536256748,0.5645797427583731,,42.92487510784819,38.467116016049104,39.75676555854833,1173,2023-11-11,2024-09-23,324,0.0,317.0,3,473.6133333333333,20.73489696969697,5.429951515151515,5.383030303030303,5.746775757575758,4.175139393939394,1.3550545454545455,1.4113454545454545,1.2479272727272728,1.244218181818182,95.18666666666668,25.7739250087368,32368.265454545453,2,3,1,9,3,10,11,17198.71,832,0.2403846153846154,0.3605769230769231,0.1201923076923077,1.0817307692307692,0.3605769230769231,1.201923076923077,1.3221153846153846,4506.26,4467.85,4759.45,3465.15,32325.853365384617
1177,,,,,,,,,,,,,,16.237026550126384,26.128287261362704,,,16.900914659968603,,,0.794990489108781,0.5717364902652771,753.5128060534577,30449.0,0.6739095688949089,0.7617666955256714,,,0.6582140069695803,0.6991811060210037,,,,,,,0.6271471386907395,0.8640918968534325,34.19302519120688,,,,1177,2023-10-28,2023-11-17,22,0.0,20.0,3,345.34,16.9876,5.595,5.9874,,5.4052,1.7904,1.8828,,1.9872,78.26,27.391202222313527,34918.44,3,0,0,0,3,0,0,849.38,50,6.0,0.0,0.0,0.0,6.0,0.0,0.0,279.75,299.37,0.0,270.26,34918.44
1192,4.806576156847648,2.9272006425758885,1.304491945735656,0.2590511501481223,,1884.4826120833843,813.7974514605903,540.9519808358189,150.30032768712653,341.8363176397065,12.953774677718137,7.969233506366468,19.29149984942932,19.43996648011658,25.43312081203003,9.959665869710117,21.85619392215285,18.54144352647762,,,0.780197729780645,0.5705958000803777,822.183332908185,,0.7259221061503691,0.5511948094384502,661.1538956566621,23283.5,0.6674887904185438,0.7778630021033697,461.329996155536,10656.5,0.6221170793459515,0.6654674959604598,,,0.667453609316756,0.6503479297690558,45.30583190334647,40.61658099463741,,21.2983408469041,1192,2022-11-29,2024-01-24,427,0.0,421.0,2,369.0881427072403,18.05938090241343,3.790598111227702,4.709622245540399,6.178352570828961,3.3808079748163693,1.3648268625393496,1.3159706190975864,1.953305351521511,1.8367051416579223,119.28541448058762,60.67576703352324,34349.86778593914,7,42,3,22,10,60,61,18288.72,1051,0.6660323501427212,3.996194100856328,0.285442435775452,2.093244529019981,0.9514747859181732,5.708848715509039,5.803996194100856,3883.87,4747.07,6192.47,3465.31,34124.00475737393
1198,7.074192352297393,3.4106594501597467,2.4472878418162933,0.5300609593933674,0.6577929044185132,1839.9181251151592,795.1925233968169,561.7826888649947,317.31224114923185,212.8631260543106,21.45844526696977,9.193391045993144,20.12527038509217,23.144620942682234,31.30718521657332,17.693237195923867,22.0542812243156,23.193011871850388,1000.607214462436,62818.0,0.7921489129044411,0.589498843140291,703.144227664784,26593.0,0.6697179905947526,0.6690254090247548,607.7888886054567,19582.0,0.6643259460891231,0.8503466820389247,390.8355697996826,9110.0,0.7511373383163261,0.379237035003221,357.97160876900364,6945.0,0.6919364031227105,0.6773725359449766,39.42294988623882,40.47168783643232,33.40884516370054,26.034027203591663,1198,2023-01-12,2023-12-21,350,0.0,343.0,2,246.6085409252669,15.394341637010676,2.99214709371293,4.811043890865955,4.702645314353499,2.888505338078292,1.519572953736655,2.034733096085409,2.2294661921708188,2.21508896797153,105.84697508896797,31.941403814737832,34403.85053380783,11,32,9,15,18,39,44,13063.19,853,1.2895662368112544,3.751465416178194,1.0550996483001172,1.7584994138335288,2.1101992966002343,4.572098475967175,5.1582649472450175,2541.78,4068.26,3996.5,2456.65,34407.4407971864
1200,6.040810018482638,2.152166535578787,2.133370972948744,0.1200390665141157,0.196912668086004,1871.8313131953607,848.2719767422543,747.3237195930171,135.8590015307568,160.22135413228412,10.609607032226402,,,15.431535694336942,19.48486286896648,22.63199251064465,,16.17574445136602,968.607214462436,57998.0,0.777421921926298,0.5802504668365284,649.031529292576,23862.0,0.7124112727331243,0.7758353097192107,604.1259377015544,21347.0,0.7328811842197115,0.7815776325539292,321.9421715174808,5677.0,0.6813991214413656,0.6176506161337862,368.69343417595167,6942.0,0.6548604082598861,0.790781408143349,36.55534046341412,28.85831206829289,,,1200,2022-11-26,2023-11-17,361,0.0,356.0,2,349.6548463356974,15.51159574468085,4.197458628841607,3.030626477541371,4.009385342789599,4.2741252955082745,1.4705673758865248,1.73468085106383,1.264468085106383,1.091914893617021,103.39479905437352,29.417624172788088,34883.06855791962,5,21,3,12,8,30,32,13400.48,871,0.5740528128587831,2.4110218140068884,0.3444316877152698,1.377726750861079,0.9184845005740528,3.4443168771526977,3.6739380022962114,3637.46,2616.46,3448.91,3697.65,34852.04822043628
1207,7.074192352297393,3.4106594501597467,2.4472878418162933,0.5300609593933674,0.6577929044185132,1839.9181251151592,795.1925233968169,561.7826888649947,317.31224114923185,212.8631260543106,21.45844526696977,9.193391045993144,20.12527038509217,23.144620942682234,31.30718521657332,17.693237195923867,22.0542812243156,23.193011871850388,1000.607214462436,62818.0,0.7921489129044411,0.589498843140291,703.144227664784,26593.0,0.6697179905947526,0.6690254090247548,607.7888886054567,19582.0,0.6643259460891231,0.8503466820389247,390.8355697996826,9110.0,0.7511373383163261,0.379237035003221,357.97160876900364,6945.0,0.6919364031227105,0.6773725359449766,39.42294988623882,40.47168783643232,33.40884516370054,26.034027203591663,1207,2023-01-25,2023-11-17,298,0.0,296.0,2,404.990765171504,16.87481530343008,3.870118733509235,4.280883905013193,3.7683377308707127,4.955474934036939,1.364168865435356,1.7395250659630606,1.554221635883905,1.6101055408970977,99.70580474934036,27.51297026805854,32878.482849604225,3,2,3,2,6,3,6,12913.21,769,0.3901170351105332,0.2600780234070221,0.3901170351105332,0.2600780234070221,0.7802340702210664,0.3901170351105332,0.7802340702210664,2965.38,3273.33,2883.49,3791.01,32819.01170351105
1212,5.799500233588296,,3.2213152726159806,0.6538688279277733,,1836.5454030686983,,868.8123632147295,527.7634030846727,251.83316143262192,17.411122965872988,8.18109990218886,22.43772670539726,20.108249494663884,28.415272856665407,16.547101127197312,24.80984062775112,22.92618232498788,1147.5016587651646,76398.0,,0.618719573095436,,,,,792.3645737753169,,0.7393686536267494,0.6803880538301346,592.1980515339465,,0.6485330290167863,0.6856996699351079,444.2741699796952,10697.0,0.6824276736654631,0.569990098091911,,46.478912732568446,37.351833548641416,32.06982350819654,1212,2023-02-08,2023-12-06,307,0.0,301.0,2,313.99093655589127,18.27904833836858,0.0,6.727220543806647,6.995105740181269,4.556722054380665,2.205407854984894,0.0,2.074259818731118,2.1570996978851964,81.08459214501511,26.661753725315005,38730.681268882174,0,0,5,1,5,1,6,12136.93,665,0.0,0.0,0.7518796992481203,0.150375939849624,0.7518796992481203,0.150375939849624,0.9022556390977444,0.0,4473.6,4637.65,3025.68,38729.20451127819
1219,8.496083387546815,3.825089530775929,2.4139357851377947,0.8712499911991587,0.7972377046780779,2021.4902279466544,830.4336328468057,591.6564850655545,300.7022941312947,300.1238949449472,8.337626014086368,5.64101504810956,19.352927125723014,18.14902167204216,,11.47336383412939,20.870458103395507,21.533613928420824,939.8670990922584,53057.5,0.7615244155416958,0.6708946006499896,639.7924599429249,21197.0,0.6508930326897961,0.6791173405214832,515.8477631085024,15221.5,0.7164310201161372,0.8127598177634348,371.71424945612296,8417.0,0.7646508482242476,0.4581761044651752,411.9305012189244,7861.5,0.5756470025186067,0.8171143464540859,46.33857677921772,34.32832304686319,38.83861091131857,35.955172960662296,1219,2023-01-15,2023-12-06,329,0.0,325.0,2,354.7482710926694,18.93416320885201,4.979059474412172,4.402392807745505,4.724163208852006,4.828547717842324,2.0480497925311205,2.259585062240664,1.5594190871369296,1.6118672199170123,98.52973720608576,26.88268631694114,37328.32365145228,4,12,3,11,7,18,20,13983.58,743,0.5383580080753702,1.6150740242261103,0.4037685060565276,1.4804845222072678,0.9421265141318976,2.4226110363391657,2.6917900403768504,3683.96,3235.31,3485.09,3579.22,37362.71601615074
1231,6.859550498699123,2.7636207276832883,1.8031568110019005,0.6249020231675337,0.4810080804299018,2180.280946956922,1050.1847045099505,658.2069372447072,272.6974334420247,268.09182611234337,13.569184042031322,7.109192297981762,16.640095135798767,17.473872423292512,25.64858676116709,12.201867503519033,19.84598215650067,22.10844202373402,973.3437584951456,58986.5,0.7828346102272727,,665.4665581351203,27534.5,0.7827151179131209,0.5287799133291431,553.2797436238418,16532.5,0.6799678843550443,0.7871675274347683,346.16652224137044,7652.5,0.8021594413601294,0.5030848985258224,364.7645019878171,6773.5,0.6408022140284007,0.722781192211385,46.3728417763724,41.61751649884916,32.30544045688271,26.899541502886148,1231,2023-05-16,2023-11-17,186,0.0,185.0,2,282.9487632508834,18.962597173144875,4.632208480565371,4.71404593639576,4.531325088339223,5.0850176678445225,2.058127208480565,2.1513074204947,1.704381625441696,1.8295759717314488,95.6024734982332,25.86491649658669,27638.16961130742,1,2,3,2,4,3,5,10793.14,571,0.1751313485113835,0.3502626970227671,0.5253940455341506,0.3502626970227671,0.7005253940455342,0.5253940455341506,0.8756567425569177,2635.54,2679.21,2583.69,2894.7,27644.47110332749
1233,9.622511560906366,3.621894432229914,3.2357346884510987,1.1717731617857416,1.09213509816048,2161.0177020112624,721.8262248148509,647.1848014555542,385.090049592246,425.6607045100594,16.7643661894477,9.901840672016345,21.87078126047106,21.98722443947902,28.98474240803405,17.574306987516053,24.69059096746897,25.647561974828008,1004.222438151586,60313.0,0.7537997009282562,0.5838076863662311,576.9482681718907,20529.0,0.7729996805092784,0.6153638533564558,542.3746750430836,17227.0,0.7352221372544643,0.7189540687369717,440.9777054234136,11809.0,0.7649924157975346,0.5550027175865817,432.747258045114,9985.0,0.6737777309008319,0.6694309368150028,47.59549733868111,49.624468322104775,35.8398124284654,37.62780841500223,1233,2023-03-17,2024-01-24,316,1.0,314.0,2,294.36204744069914,16.91652933832709,3.620174781523097,4.6252184769038704,4.726591760299626,3.944544319600499,1.9763295880149807,1.910561797752809,1.6447191011235955,1.6737078651685395,100.84394506866415,27.347840251416176,33234.76404494382,27,1,8,1,35,2,9,13585.92,804,3.3582089552238807,0.1243781094527363,0.9950248756218906,0.1243781094527363,4.353233830845771,0.2487562189054726,1.1194029850746268,2908.74,3710.99,3796.57,3169.62,33257.2947761194
1240,7.673415077287204,3.908781827746832,2.8211216847748424,0.456336491749204,0.6057039871783532,1926.5982201103377,847.3171963937,605.2751484836148,304.05109646993174,213.0326044599676,10.163071395357052,3.795497188613448,17.224269573455274,16.947187163276485,22.886359040425063,9.63773038460826,21.094294623234603,22.317554980025832,999.335136523794,61635.0,0.778130471297822,0.5502027333724198,661.3746750430836,26963.0,0.7781628889251425,0.6521258725348864,574.5168106668145,17891.0,0.6817722964969574,0.791580035674223,398.7350647362943,8904.0,0.7185329035626351,0.452993552945644,400.7411613907042,7409.0,0.5865607066899785,0.7438738809920699,44.55220605339101,46.69191662617738,38.44524527846591,34.19362734057966,1240,2023-03-31,2024-04-09,381,0.0,375.0,2,328.4581280788177,16.246264367816092,3.825344827586208,4.102011494252873,4.61551724137931,3.7033908045977006,1.4942857142857142,1.3629556650246304,1.6039901477832512,1.4287192118226602,96.32019704433498,26.37952449095133,25870.871100164204,4,10,5,5,9,15,20,19916.56,1231,0.3249390739236393,0.8123476848090982,0.4061738424045491,0.4061738424045491,0.7311129163281885,1.2185215272136474,1.6246953696181965,4695.82,5021.51,5656.08,4543.15,25877.929325751425
1243,9.593221295959829,4.514484501824641,3.2036932884189904,0.9764483976955444,0.670023046400051,1956.280114919788,841.7185831199823,610.5519992711652,352.20269435008134,211.9823552096609,18.30887338639769,8.546482345061532,20.319960397676475,22.106953517970247,27.588293962315053,14.433757381702042,22.003756902703586,24.35314002254236,1013.9209229614208,60798.0,,0.5462084484137434,680.7005768508881,26643.0,0.7266665677605867,0.5615692460366237,576.333044482741,17451.0,0.6488204536210466,0.8550281502273769,399.4863273947651,9478.0,0.7463159588163845,0.5326715723264673,320.8294731452727,6075.0,0.7356179809481331,0.654177369350303,41.86865292568744,36.64926064010128,36.91836805446801,24.605196525300663,1243,2023-03-16,2023-11-17,248,0.0,246.0,2,232.40753424657527,17.741986301369863,3.7926198630136985,5.089674657534246,4.620565068493151,4.239126712328767,2.198630136986301,2.222465753424657,2.160102739726028,2.171404109589041,97.28424657534246,34.092217163591634,35567.59417808219,2,4,19,5,21,9,27,10488.37,595,0.3361344537815126,0.6722689075630253,3.193277310924369,0.8403361344537815,3.5294117647058822,1.512605042016807,4.53781512605042,2245.88,3010.95,2728.29,2503.25,35480.267226890755
1245,9.005797827324592,3.913462534027525,2.3021763422397643,0.8717772315506449,,2237.448215541348,872.5603194784526,560.1374597394874,289.35038445680425,542.9420198987639,10.158116249740402,6.155047449222971,20.435623274297097,21.32166256405136,24.291250110372808,14.836495015230998,24.56610195652941,26.117189346386706,1029.6610383315983,64728.0,0.7688018438332823,0.6711167855948871,641.6000717874997,24521.0,0.7502594391455222,0.7191409587043615,546.7919369326617,17374.0,0.7266143622611805,0.6857837888309968,392.244209717909,8682.5,0.7027710587273001,0.7155521498128696,554.263022691402,13722.5,0.5614777069410397,0.83091824969583,50.27761555789556,47.75724311431382,41.3551462528206,37.484744981238975,1245,2023-02-23,2024-01-24,340,0.0,335.0,2,305.4350064350064,19.53773487773488,3.982406692406692,5.434749034749035,6.11976833976834,4.000810810810811,1.9953667953667955,2.309189189189189,1.9625482625482624,2.3146718146718146,100.12483912483911,27.69929868582804,36403.002574002574,32,24,13,8,44,29,41,15321.41,789,4.055766793409378,3.041825095057034,1.6476552598225602,1.0139416983523446,5.576679340937896,3.67553865652725,5.196451204055767,3125.23,4253.91,4796.6,3145.67,36296.94550063372
1246,8.542129910399252,2.4769546452812072,3.5536048113391137,,0.7786991570327508,2049.40000419804,496.1835000859643,817.9876517504713,534.4690036063731,243.98812434087577,18.358145728309776,10.006401288826522,18.26963025524009,22.754637200117795,26.394925553440192,14.937522051602995,18.573402266008955,23.81621081665012,1033.9797974644666,68367.0,0.8025449770503843,0.6007520920412701,550.3746750430836,17578.0,0.7353496270847429,0.7551051074558043,724.1858582251266,27830.0,0.6646993525220143,0.7465433189581059,504.5756851698602,15369.0,0.7614192755115278,0.4972618929100673,362.0365799264592,7123.0,0.6829169644576089,0.7630706433467691,44.72523410118144,37.5812664385889,31.221639268935835,25.892696067011293,1246,2023-03-14,2023-11-17,256,0.0,249.0,2,285.5813953488372,14.116360465116278,1.925767441860465,4.901383720930232,3.32310465116279,3.9661046511627904,1.8743023255813955,1.1405581395348836,1.4640697674418603,1.6275348837209302,96.88372093023256,26.30298017554813,24561.555813953488,0,0,1,1,1,1,2,12148.78,862,0.0,0.0,0.1160092807424593,0.1160092807424593,0.1160092807424593,0.1160092807424593,0.2320185614849187,1658.02,4217.11,2859.49,3414.16,24544.816705336427
1258,7.301366918537287,3.2427790377914083,2.691413435756996,0.5125208035751607,0.5227876039844254,2117.8200832705515,923.2715014791644,776.7745736450222,265.36273455007694,257.21852161707875,,13.206772783050384,17.8100070363366,20.69884265756073,31.142304488818382,19.831886152676155,22.141390261434708,22.64123002792537,979.8204178980324,62323.0,0.7991805635914182,0.5576437713993767,676.5589642374204,25444.0,0.6976639130713478,0.7388456914301165,611.064537881567,20015.0,0.6772003939763558,0.8376440287102784,383.96603512485706,7803.0,0.7465539313128675,0.644738032890302,373.0162876565512,6979.5,0.6541877483267693,0.7168633103019622,46.59048259780741,50.68448650830464,31.170022970201487,31.94543476017892,1258,2023-05-15,2023-11-17,187,0.0,186.0,2,263.73732718894007,18.049562211981566,4.506451612903225,4.182096774193548,4.292165898617512,5.068847926267281,2.0123502304147465,2.0650230414746544,2.221935483870968,1.9817972350230413,106.35483870967742,28.903253244684244,36669.30414746544,5,2,0,2,5,3,3,7849.32,435,1.1494252873563218,0.4597701149425287,0.0,0.4597701149425287,1.1494252873563218,0.6896551724137931,0.6896551724137931,1961.32,1819.74,1862.8,2205.46,36697.87586206896
1259,7.499762906778775,3.801990453756379,2.40330631473083,0.5079749236887094,0.3615558880596334,2390.552563006683,888.5496437603681,719.7202016967988,459.02643318618186,339.2870502162752,15.57889153889671,6.107374223724035,18.872913869771743,15.370942550212453,25.974694466550304,11.76969285469458,21.65818314759512,20.13338544173441,1054.6488450227787,69668.0,0.7858647532765753,0.5809243626743137,700.4406922210657,28338.0,0.7228096978118899,0.6682391884518603,605.6173157302028,20645.0,0.7062643791241221,0.7944995782669508,448.3269478283311,11303.0,0.7048111657588544,0.3645817519457184,406.0426765808692,8832.0,0.6730309299061056,0.7631004938447784,32.923747048682024,51.529960055677954,27.929086574534622,27.25175966237108,1259,2023-03-13,2023-11-17,251,0.0,249.0,2,315.0256797583082,17.652462235649548,4.399365558912387,4.780045317220544,4.46880664652568,4.004244712990936,1.7963746223564956,1.531087613293051,1.4096374622356496,1.5844712990936558,97.8141993957704,29.9054522861341,31833.21450151057,0,0,2,0,2,0,2,11745.15,667,0.0,0.0,0.2998500749625187,0.0,0.2998500749625187,0.0,0.2998500749625187,2928.58,3176.87,2978.55,2661.15,31819.992503748126
1263,7.179237381376368,2.537990649017887,2.4001653730929613,1.185567827377763,0.9519130159565544,1968.5938185383443,665.5728643500966,523.0224590463954,529.01151310514,325.41300628890195,14.018192997491468,7.124046847123083,14.631002163228358,13.870450808665211,25.362512104124164,13.728249692296515,17.07221864811325,18.84146983462123,899.1513703397204,50321.0,0.7849964077533,0.6047321650735482,626.1264607118176,16370.0,,0.6395771452274392,510.4041122946064,14815.0,0.7210395606514999,0.7622095937096098,443.17009357883865,11323.5,0.7283472761005518,0.6163012098719589,388.3325214724777,7443.0,0.626262956208067,0.831640106578869,43.498288290114346,38.46538941730411,35.72119591853292,28.60460993887373,1263,2023-05-17,2023-11-17,188,0.0,184.0,2,257.7248322147651,15.373120805369126,2.889463087248322,4.337432885906041,4.259614093959732,3.8866107382550337,1.716342281879195,1.5469127516778525,1.7438255033557046,1.689060402684564,98.248322147651,28.70233347238361,26276.11409395973,0,0,0,0,0,0,0,9175.35,597,0.0,0.0,0.0,0.0,0.0,0.0,0.0,1725.44,2585.11,2543.45,2321.35,26288.494137353435
1266,9.648162123000162,4.600043563154406,1.8774842031255845,,0.6880559095351686,2270.937133911986,948.8930978634004,528.4430074641651,561.0046146432663,264.8238719324061,12.339388984595438,6.559355341204521,23.83296182085904,,23.10632541828424,13.706524431619204,25.6053198385641,28.130283400944258,1040.2640687119283,66450.0,0.7726485888420211,0.6685402400496346,689.2624996811387,26690.5,0.7078782899034473,,541.7416844009674,14196.0,0.6131539430436007,0.8328606474950231,527.7558800164655,,0.7879078764808569,0.471420352605861,375.5279579551077,7560.5,0.6749362446821663,0.8343499213715617,47.62876295276312,41.01889610037786,41.74603005537168,33.34875554374264,1266,2023-04-09,2024-04-09,371,0.0,366.0,2,435.9895591647332,17.94415313225058,3.762169373549885,5.782459396751739,4.8952088167053365,3.504315545243619,1.5854756380510442,1.2027146171693737,1.5587935034802785,1.2853364269141532,99.06844547563806,26.827079115834945,35854.41415313225,6,10,5,5,10,12,16,15528.32,869,0.6904487917146145,1.150747986191024,0.5753739930955121,0.5753739930955121,1.150747986191024,1.380897583429229,1.8411967779056384,3257.93,4999.02,4240.46,3030.91,35829.84234752589
1267,9.75717169432784,5.517550169286636,2.4055846661707,1.1131409471064988,0.2773613122721973,,1010.6954414531452,772.7907379354275,569.3824329015466,549.3655434418033,15.330188257043028,12.122147786232947,15.152145069606766,13.097717346275225,30.61545194017893,22.778529652555484,21.388530738891543,26.42990638512274,989.9625535217637,61450.0,0.7904542031184034,0.7189093400511273,659.8549057834388,25402.0,0.7451744751889566,0.6178529752020456,542.6173157302029,16749.0,0.7207011059478338,0.7544733772933844,518.0914498161483,9703.0,0.5049546106802223,0.5435269572209009,409.01933598375615,8538.0,0.6484713303487504,0.7089955248058448,34.09188142487572,,42.57433336416394,30.389882703203966,1267,2023-02-26,2023-11-17,269,0.0,264.0,2,421.6524390243902,18.352225609756097,4.906509146341463,4.717012195121951,3.9640701219512193,4.764634146341463,1.3352743902439024,1.495792682926829,1.1566463414634147,1.2935670731707318,99.6890243902439,27.362886799615364,33798.33993902439,28,33,24,22,45,40,56,12125.53,666,4.2042042042042045,4.954954954954955,3.603603603603604,3.303303303303303,6.756756756756757,6.006006006006006,8.408408408408409,3243.95,3113.56,2620.82,3147.2,33722.95645645646
1273,10.718989406473677,,3.613931317900756,0.9885283517086064,0.628613558935705,2396.30425612729,924.7339133043274,814.1738843033614,394.79911113404097,396.33527478767456,20.335745810705667,11.82482389480191,20.19984501895276,19.20968862648976,31.90529830278861,19.454153876161907,26.25834175761138,26.92999486573564,1131.7442994522837,80355.0,0.7886115652082264,0.5036812384257677,,34088.0,,0.6416331607885138,660.0731598529186,25017.0,0.7195199753530456,0.770296863038628,427.6467529817257,11215.0,0.7700586339943347,0.3285376485636603,420.9005409571382,9514.0,0.6758320574459099,0.6815300615443273,56.9654541333951,,43.3436126755267,46.72968738564629,1273,2023-04-25,2024-05-09,385,0.0,380.0,2,301.79891304347825,17.411608695652173,4.0853152173913045,4.378608695652174,4.874423913043478,4.0732608695652175,1.7002826086956522,1.7375217391304347,1.6762826086956522,1.7431956521739131,94.20108695652172,26.29355910061271,35200.57608695652,1,0,0,1,1,1,1,16038.63,922,0.1084598698481561,0.0,0.0,0.1084598698481561,0.1084598698481561,0.1084598698481561,0.1084598698481561,3764.71,4033.41,4487.12,3753.39,35189.596529284165
1274,8.712164111925325,4.5630942139857495,3.0633120769000963,0.7747415149325163,0.6587291809080609,2194.426128555606,924.1910045101014,615.1793353463175,457.1463947680363,301.2740541711088,19.85831331744049,8.310927683118901,14.819269240655188,15.569752862858069,31.498994244844525,16.723469081290464,22.515485624052875,21.483601722577905,1075.2346314604058,74055.0,0.8060819966707782,0.5302508604269233,796.570634535977,30668.0,,0.574111985732645,588.872149726142,20347.0,0.7438763631804075,0.7532328624101637,497.5401512639276,13865.0,0.7067016180535676,0.6009209739194395,436.167568261897,8314.0,,0.87449952335868,56.39505473121516,58.37093213746447,39.59210751612576,44.06273912968962,1274,2023-08-06,2024-07-27,360,1.0,357.0,2,258.703743315508,13.905839572192512,2.5668556149732624,4.251454545454545,4.171005347593582,2.916524064171123,1.473048128342246,1.3952085561497325,1.905754010695188,1.8521711229946525,96.35508021390376,27.20105398057507,32441.073796791443,0,4,0,1,0,5,5,13037.81,939,0.0,0.4259850905218317,0.0,0.1064962726304579,0.0,0.5324813631522897,0.5324813631522897,2407.24,3981.35,3912.43,2736.79,32410.8583599574
1276,6.689893352212184,3.013548583761538,1.8981887717751964,0.7461215227763616,0.5854492207651353,1790.1060115195123,761.9847268372341,562.2252396634857,286.3234587962116,238.79195263699484,10.257194803209144,5.400137813467619,17.51302751008099,17.268221539207275,21.30726804771188,12.613735673711275,20.20694469474916,21.184023030560716,998.8462838120872,61896.0,0.7677099222108927,0.59350213522471,655.0401512639276,24942.0,0.7443348656758225,0.7019661402043342,586.3122292025696,18778.5,0.6754552575299637,0.8153806969954709,378.6370849898476,8570.0,0.7298725774549026,0.4427973412719627,391.2497833620557,8619.0,0.6876733129379153,0.6711431538491888,51.47498513546024,48.51788318844038,34.86770104153378,33.69720612933727,1276,2023-07-23,2024-08-20,404,0.0,394.0,2,352.84537968892954,18.18310155535224,4.000905763952424,4.797465690759378,5.561344922232388,3.823385178408052,1.5090027447392498,1.5832753888380604,1.7581152790484904,1.3905946935041171,97.45654162854528,26.33475651775095,30590.951509606588,1,3,2,2,2,4,5,19909.78,1097,0.0911577028258887,0.2734731084776663,0.1823154056517775,0.1823154056517775,0.1823154056517775,0.3646308113035551,0.4557885141294439,4376.37,5257.82,6089.57,4186.02,30595.57155879672
1277,9.366382528005287,5.305095866185088,,0.5961964736514007,,2175.25515262659,1033.7924623331603,,239.01532596383683,,15.998080161126383,,12.73909377172854,,28.022150940498346,20.00011469427826,19.89977031635992,,1057.56053326821,74327.0,,0.6156093076591744,858.1330803764909,,0.6655433043867327,,,,,,371.1198410471445,7438.0,0.6786372451763211,0.7409311221449123,,,,,,,,,1277,2023-05-26,2023-11-17,178,0.0,175.0,2,365.1013645224172,13.769044834307993,5.7930019493177385,,7.976042884990253,,,2.260701754385965,2.0221052631578944,,63.67056530214425,27.0836856139932,29045.17153996101,1,0,0,4,1,4,4,7073.86,515,0.1941747572815534,0.0,0.0,0.7766990291262136,0.1941747572815534,0.7766990291262136,0.7766990291262136,2979.04,0.0,4094.82,0.0,29036.49708737864
1282,,4.505333581091534,3.4797706885102726,1.1969219387393752,,2611.719199550844,912.7245592483116,699.8800526693369,298.06437179647287,,,13.315608016808312,17.803996818900607,23.322600871212217,,,23.94996274904802,24.7576919541061,1139.8864350760143,83321.0,0.8038437266070884,0.56667581156929,721.0437226013958,31186.0,0.7503046400838467,0.6704048935123612,614.842712474619,23060.0,0.7612237698138519,0.5916554611593503,453.1553749530773,8161.0,0.5028500988712272,0.7705648338453195,,,,,36.571569486972535,,34.50472470817803,,1282,2023-09-06,2024-07-05,308,0.0,303.0,2,247.6319910514541,15.874485458612977,4.961107382550335,,6.357885906040268,4.555492170022371,2.416912751677852,2.194765100671141,2.5967785234899328,,83.77740492170022,26.932845514392778,28802.69015659956,0,0,0,2,0,2,2,14222.85,900,0.0,0.0,0.0,0.2222222222222222,0.0,0.2222222222222222,0.2222222222222222,4442.61,0.0,5697.75,4082.49,28766.321111111112
1305,,1.091895255119929,,,0.8442411785351841,2605.360762902832,900.1463413269157,745.1730903615678,,246.5588621422531,17.612310296817625,11.643150364330973,,8.66943070910954,24.621539411528545,19.44432580566089,,,1130.773736703807,80233.0,0.7884409256769678,0.5290029582297354,756.3279938488577,31277.0,0.6950308459544225,0.5994790268493939,662.0701115257136,24450.5,0.699363658809184,0.7758187659390006,,,,,329.06349186104046,4830.0,,0.7598145180951594,,32.44169165317063,,,1305,2023-08-20,2024-07-27,345,1.0,343.0,2,387.29479768786126,16.165676300578035,5.921294797687861,5.261445086705202,,4.9829364161849705,1.6312369942196532,1.655098265895954,,1.4030057803468208,81.74566473988439,27.388875779861664,33270.27167630058,10,64,8,0,18,64,70,14108.34,877,1.1402508551881414,7.297605473204105,0.9122006841505133,0.0,2.0524515393386547,7.297605473204105,7.98175598631699,5180.14,4579.18,0.0,4349.02,33240.70011402509
1319,,,,,,,,870.0638355513249,,,13.19753665338512,3.951612759836826,21.962752145884416,16.5958572610792,,,,,938.9015869776648,56274.0,0.7994922489149846,,687.5290039756343,24463.0,,0.732312192452442,,,0.675483978778793,0.7178347836358693,514.906637611548,14784.0,0.6991936716756572,0.5283807344994765,426.1076477383248,9732.0,0.6492285489991944,0.7650546226207138,29.195666117882283,,46.53201935420694,34.743870411624464,1319,2023-10-18,2023-11-17,31,0.0,30.0,2,252.3943661971831,10.979295774647888,1.4009859154929578,5.4271830985915495,4.0718309859154935,0.563,1.492,1.8625352112676057,2.203943661971831,2.4067605633802818,83.09859154929578,35.54440077648456,33832.140845070426,0,2,0,2,0,4,4,794.73,75,0.0,2.666666666666667,0.0,2.666666666666667,0.0,5.333333333333334,5.333333333333334,100.74,394.51,293.58,5.9,34286.12
1321,9.825822331476578,3.076836337164659,1.8599321555578672,,,2525.5281239538995,731.9125389593173,589.4604339699594,612.3099246442059,,14.659298448099111,,14.325409744342751,14.087269776642517,31.2055908550703,20.943990485367397,24.641851402356444,25.777086875901787,1016.3752877877214,65084.5,0.7931793697420393,0.6050618006609702,530.4528855298854,17906.5,,0.5201028422459419,470.9554108468272,13717.5,0.7714878950566824,0.5285478532611643,523.2604973744603,16413.0,0.7619315534383876,0.5645343225819666,,,0.5943928317395837,0.7811729635254514,,,45.10424480890904,,1321,2023-08-28,2023-11-17,84,0.0,81.0,2,241.2735849056604,18.071084905660378,4.082735849056603,4.182405660377358,5.099481132075471,4.706462264150943,2.41188679245283,2.43311320754717,2.189716981132076,2.465660377358491,98.3490566037736,26.63623390143128,31802.22641509434,0,1,0,2,0,3,3,3909.5,218,0.0,0.4587155963302752,0.0,0.9174311926605504,0.0,1.376146788990826,1.376146788990826,890.36,902.73,1095.26,1021.15,31951.788990825688
1380,6.4164021169739485,2.195661197417331,2.8621501903331525,0.4697555403004773,0.5293655405522684,1790.706065176308,529.8154552202564,782.1626989131557,217.4427140335854,261.74189511044244,13.779184023206552,6.899065569127654,11.625353765853191,13.732373141725803,24.687070311321207,12.872176838679971,16.810811989815875,18.355909156249552,977.1721856198916,60999.0,0.8023575326081525,0.5380180682581792,558.28331496131,18948.5,0.7624803933504707,0.6988906965573132,661.7477810553773,24881.0,0.7139998372665932,0.7313878861888939,389.8538597629122,7975.0,0.654869444537463,0.68722153815756,435.24978336205567,9244.5,0.615367799060476,,41.517488038793175,48.47985616011695,29.97145827684188,28.364522328788333,1380,2023-01-20,2023-11-17,307,0.0,301.0,1,190.8385093167702,12.27888198757764,2.921826086956522,3.55632298136646,3.129018633540373,2.6717142857142857,2.0215900621118013,1.9162732919254657,1.7483478260869567,1.9396024844720496,99.77018633540372,26.1105210412362,31530.28447204969,4,2,0,4,4,5,5,10013.24,818,0.4889975550122249,0.2444987775061124,0.0,0.4889975550122249,0.4889975550122249,0.6112469437652812,0.6112469437652812,2367.35,2905.37,2556.16,2184.36,31559.94376528117
1389,7.705310935420779,2.9212477835307924,2.969707367540784,0.4826359863658663,0.608437060080846,2010.797160646536,697.3310256683909,871.7514275849875,169.65127759720983,312.610149330882,19.051441183769175,7.027996439829394,18.145465502780297,19.964057191488227,29.02612059781589,14.981933932960777,20.0806254513435,21.034429683361253,1080.9919907732865,72358.0,0.7776729897012792,0.4912363515644615,626.1528496361356,22313.0,0.7173697187614495,0.7120890371044224,729.2386360737626,30527.0,0.7200199749288658,0.7082637424227352,340.572113832392,6662.5,0.7194919809553484,0.6561831853189835,455.7497833620557,12350.5,0.7495834406850957,0.5255905553261759,44.9314701982466,37.47156960111007,32.46191142839926,35.75510202431568,1389,2023-01-09,2023-11-17,316,0.0,312.0,1,446.733449477352,16.817491289198607,6.431533101045296,0.9261672473867596,3.330731707317073,6.129059233449477,1.4470034843205577,1.5693031358885017,1.089721254355401,0.849616724738676,95.25261324041811,24.749720011113585,45123.60627177701,0,1,0,0,0,1,1,9876.77,593,0.0,0.1686340640809443,0.0,0.0,0.0,0.1686340640809443,0.1686340640809443,3760.0,547.03,1959.95,3609.79,44967.26981450253
1391,5.73753416887238,1.9193601629795427,2.5628841934229407,0.5289764885024187,0.4047888513951495,1540.7118469380775,464.2225038072861,638.7252235044127,221.82233324155808,243.6411540122569,10.094395158083836,5.425112290920926,18.77327322547871,15.97218958971795,17.916565267984957,8.882690280258899,18.80530530066165,16.37326378577538,881.6538956566621,48458.0,0.7789555520376404,0.6679350145681852,483.2619766708754,13075.0,0.7035359748026202,0.7010657802335457,603.2447327281724,20334.0,0.7031832646468709,0.7414341342370916,383.88329701443513,7099.0,0.6043387843483724,0.799680151982227,426.6995308303615,7403.0,,0.7205425581737839,38.74387950501791,38.65342417080839,26.202021796274515,22.09842634259208,1391,2023-03-06,2024-02-17,353,0.0,348.0,1,245.9783080260304,12.90056399132321,3.634349240780911,2.765683297180044,3.2506507592190887,3.249880694143167,2.0012147505422995,1.7722125813449023,1.6936659436008676,1.3044468546637744,95.5401301518438,24.47075001023446,31920.669197396965,27,27,1,20,28,36,37,11970.82,933,2.893890675241157,2.893890675241157,0.1071811361200428,2.143622722400857,3.0010718113612005,3.858520900321544,3.965702036441586,3367.54,2568.84,3016.1,3018.34,31901.502679528403
1396,7.176702312868264,,,0.8697764600123111,0.5109625359058215,2257.208723188955,,,407.456633147042,517.5780438112487,10.08005803100192,4.845747596945984,18.479699621323828,16.119030978564908,18.14190475866553,15.85009531839354,23.17370465576977,18.323640730165163,1036.0803025278549,65989.0,0.7704954555426111,,,,,,,,0.6301571930975901,0.603134359380665,457.5340546095176,11186.0,0.669218810787548,0.7869556876777251,440.3858223313768,11026.0,0.725597101181287,0.4981827682800417,,46.448185395498925,46.12193635218714,40.72120530756549,1396,2023-04-08,2024-01-24,293,0.0,291.0,1,290.12762973352034,13.788793828892006,0.1533333333333333,4.739032258064516,4.776998597475456,4.272117812061711,2.033267882187938,0.7999999999999999,1.7277980364656382,1.947433380084152,82.83169705469845,28.824191122833327,34101.67040673212,2,20,9,34,11,46,51,9957.46,732,0.273224043715847,2.73224043715847,1.2295081967213115,4.644808743169399,1.5027322404371584,6.284153005464481,6.967213114754098,0.4599999999999999,3432.57,3431.05,3093.38,33941.70491803279
1397,6.792552660518151,1.7780526149216485,4.084750944010508,0.4632350863852714,0.5538867707267427,1858.9731326173032,491.177940189802,883.8542991399502,205.6660206469291,304.291825526008,13.022920985912451,4.649337668008099,15.553159486169452,14.926515479321612,25.28142428931752,13.022705498071186,20.953443913155077,19.561637724409717,981.0386719675124,61346.5,0.8052658371840746,0.6546275445881127,557.7680733252853,18172.5,0.7333170579700783,0.7576081890431561,,27088.0,,0.784203973285265,345.76450198781714,7066.5,0.7411049205299087,0.4991042811677251,407.57516215959697,8526.0,0.6440106745067204,0.5481926664911828,46.65028545424876,46.62430552513005,32.91623008388967,33.39226153269515,1397,2023-03-13,2024-02-17,343,0.0,341.0,1,202.5275229357798,13.028807339449545,2.7485091743119265,3.795928899082569,3.4825229357798166,3.0018463302752294,2.193096330275229,2.1785779816513764,1.9427064220183483,2.045504587155963,96.5091743119266,25.61083668916468,32609.852064220184,3,31,1,7,4,36,36,11578.8,894,0.3355704697986577,3.467561521252797,0.1118568232662192,0.7829977628635347,0.4474272930648769,4.026845637583892,4.026845637583892,2450.13,3348.62,3095.98,2684.07,32634.27516778524
1398,8.639368915691431,3.235939717337308,3.5342283891793747,0.6221789154967889,0.8410668537684052,2190.9292867035538,627.1840919119486,777.0862785985266,394.8047491451484,433.3811847335389,14.771609715676306,7.168935040794276,12.693846715984916,14.442422938815865,26.921598351771188,14.899861607592804,19.474035016287885,21.29944257374547,1012.4062043356596,64721.0,0.793778663031032,0.6020739085884897,550.2122471494446,18427.5,0.7638010791640859,0.7533887417258212,655.7980335870715,25308.0,0.7443848977926432,0.6363947578388965,411.1700935788387,8850.5,0.6575051805153276,0.7874723871992917,470.469083452062,11647.5,0.6637179748175575,0.5592345366411396,55.654876838277374,48.273320768744014,41.65639757480567,43.63125158629957,1398,2023-03-05,2024-01-24,331,0.0,325.0,1,317.60353535353534,13.713131313131312,3.369419191919192,3.736792929292929,3.4728535353535355,3.134065656565656,1.4184848484848485,1.3576515151515152,1.700530303030303,1.8254545454545448,98.98737373737374,26.37438020883081,34496.79797979798,2,7,8,11,10,15,20,10978.18,803,0.24906600249066,0.8717310087173101,0.99626400996264,1.36986301369863,1.2453300124533,1.86799501867995,2.4906600249066,2703.47,2987.51,2772.36,2514.84,34528.77584059776
1399,8.81913498952047,3.3149974047222965,4.288288520824112,1.0187285403168769,0.6629310172109347,2664.399867404171,566.6767876414153,,621.5209187154942,604.0955292705934,14.630642694062823,10.47780045222889,18.35619817489813,25.360581150689853,30.708137090410737,21.956886333621632,27.202923047159388,31.084978636555032,979.352380466497,60268.0,0.790260150058545,0.6147544931022926,517.303607231218,15411.0,0.7220831672365797,0.7338493295499696,623.1025971044414,23480.0,0.7606933529409308,0.6576815298675337,531.9604614807105,10502.0,,0.8128073709273058,449.0132393293463,10471.0,0.6601896589704258,0.5714402255262732,57.1777968460802,55.65560479268194,34.76760830624866,36.45061986637084,1399,2023-03-08,2024-03-21,387,0.0,379.0,1,387.525783619818,13.747239635995957,2.990920121334681,4.3440343781597575,3.1613549039433773,3.25093023255814,1.3499089989888775,1.3121739130434782,1.071627906976744,1.2334883720930234,98.66228513650152,25.83851288704832,31930.48736097068,12,13,2,4,14,15,17,13806.28,1009,1.189296333002973,1.288404360753221,0.1982160555004955,0.396432111000991,1.3875123885034688,1.4866204162537164,1.684836471754212,3015.35,4361.83,3173.12,3255.98,31977.19920713577
1401,8.723852013901642,3.731329301570492,3.430476816300125,0.7891573919993995,0.5554343986753929,2116.651218363626,805.2132243594176,830.0193253370098,200.1762945472331,329.69860132181475,16.732899412757664,6.858428723545773,22.32174477509631,19.005587682863663,26.41539883085514,14.612881304529449,23.597808111828968,21.074674878365997,1034.607214462436,66816.0,0.7843453597200789,0.5498831493032486,649.0731598529185,23003.5,0.6853606842689457,0.7366549918829964,689.9102089490164,27098.0,0.7130679247681877,0.762785488441089,356.2172977833279,6855.0,0.6754375048524748,0.7397767130346249,389.4979976933216,9133.5,,,52.64746672177468,43.08138679872391,27.380556554347084,34.35460151146823,1401,2023-03-11,2024-01-03,300,0.0,298.0,1,194.41002949852503,12.213377581120945,3.3439970501474927,2.260103244837758,3.4677433628318584,3.141533923303835,2.4290265486725664,2.4557522123893807,2.0886725663716814,1.6721238938053098,103.99705014749264,31.513332014924348,34847.73008849558,8,39,0,5,8,42,42,8839.96,735,1.0884353741496595,5.306122448979592,0.0,0.6802721088435374,1.0884353741496595,5.714285714285714,5.714285714285714,2442.77,1556.25,2537.67,2303.27,34738.23401360544
1404,6.378670685140378,1.787834003478441,3.799009254680296,0.466283825488234,0.4392256484649149,1771.3546744457149,428.4315427151293,813.4584038199542,320.9948850000092,252.2000687879113,11.425791218078698,4.087143487968042,16.146610494030185,15.534221373859475,21.82450894056273,12.364880658565424,18.01891884656046,18.853899507628988,955.0716805565032,57081.0,0.7857572892087941,0.6369714380924016,497.5548698896889,14457.0,0.734605029033407,0.7189856353906379,782.4701294725885,26332.5,,0.6567414416432505,396.0162876565513,8040.5,0.6393567817090764,0.7339046730747145,398.7350647362943,7620.0,0.6142391173224845,0.66886392384818,39.0375203595854,40.30278254124395,38.42842380135912,36.98519712909746,1404,2023-03-06,2024-02-17,350,0.0,348.0,1,152.6432119205298,9.993245033112585,2.021100993377483,3.0917963576158938,2.7827069536423843,2.0976407284768213,2.31591059602649,2.151109271523179,2.3993543046357617,2.308708609271523,99.22764900662251,26.134988254029462,24050.35844370861,0,2,1,15,1,17,18,12269.23,1238,0.0,0.1615508885298869,0.0807754442649434,1.2116316639741518,0.0807754442649434,1.3731825525040386,1.4539579967689822,2478.29,3804.16,3402.74,2584.04,24048.16235864297
1409,4.290023394224277,1.122919871366973,1.5617903178343369,0.6658397728822713,0.6147395451259342,1515.9835297349034,405.6497668906445,435.3196180843681,438.3653483020559,242.1903193350172,13.89249022216696,4.302299950799262,17.897242274421128,15.81116595141355,21.469817239005355,12.243839237752258,20.19737663720773,17.89000249935731,889.0336213336291,44913.0,,0.6359402862773094,436.7361107568208,10640.0,0.7037582799643984,,461.78888860545663,12864.0,0.7692143941406772,0.6614809966697199,474.1919548795365,11423.0,0.6453578798642445,0.6718957210161868,436.9249275747777,9442.0,0.6192234036421862,0.8533637041349672,36.13929275179503,43.1260663463613,26.111729141786867,43.91258444932146,1409,2023-05-21,2024-05-28,378,0.0,373.0,1,251.67804024496937,12.142099737532808,2.6103324584426946,3.50748031496063,3.3391076115485565,2.685179352580928,1.203989501312336,1.338740157480315,1.6173753280839895,1.5128608923884517,96.24846894138231,25.72758124650789,27075.083114610672,2,6,0,8,2,13,13,14152.06,1177,0.1699235344095157,0.5097706032285472,0.0,0.6796941376380629,0.1699235344095157,1.104502973661852,1.104502973661852,3045.95,4088.77,3872.76,3144.58,27038.12914188615
1410,5.089954150877878,1.5880678218883464,1.9239799873078844,,0.4197924576123195,1769.459795270179,624.9963161748642,602.4728198597381,,114.72945232287267,14.308175233354168,,16.494839034687004,,23.9680354601739,18.10652010934979,14.48946882801355,26.19421975228637,956.5863991822648,59145.5,0.8084515849777276,0.5063002045252791,557.5726368426552,17867.5,0.7254809533015832,,569.8330444827409,19705.5,0.7636286247425219,0.586127228610571,,,,,314.23201640908934,5282.5,0.6727488794560493,0.6462393651848446,36.58400546658555,34.81688511989983,,,1410,2023-03-10,2024-02-17,346,0.0,344.0,1,385.8688725490196,12.660453431372549,3.47718137254902,5.058651960784314,0.02,4.124595588235295,1.1263970588235297,1.0426470588235293,0.12,1.6584558823529412,84.42524509803921,27.398791786334247,34972.25612745098,5,3,4,1,7,3,5,10518.82,839,0.5959475566150179,0.3575685339690107,0.4767580452920142,0.1191895113230035,0.834326579261025,0.3575685339690107,0.5959475566150179,2860.67,4212.12,0.24,3445.79,34932.441001191895
1412,7.003743432819738,2.06402288664823,2.4115067638699035,0.8603950788222681,,2346.6998238416395,536.7133825957419,646.7812845350265,563.392784810174,,17.846221054388376,7.896611645767414,18.25339633159391,19.173627825783598,29.908179804768288,17.515317956527564,24.004697552559875,25.3233084037722,995.556961930742,61034.5,0.7690716219759077,0.5906154722241375,503.5934521228266,15895.5,0.7777157821382681,,537.0462479183375,17112.5,0.7535185081407607,,478.7766952966368,10980.0,0.6028483371738457,0.845111626775628,555.8122292025696,,0.6492014946897933,0.7903882895203926,39.97556281807731,52.05381704625017,28.0497242774006,46.777097379122935,1412,2023-05-01,2024-02-17,301,0.0,292.0,1,501.4492350486787,14.058317107093185,4.8478859527121,0.4899860917941586,4.133643949930459,4.586801112656467,1.4375799721835882,1.3076495132127957,0.9697635605006952,0.8185535465924895,95.7134909596662,25.471841986300426,33606.094575799725,20,1,12,15,30,16,28,10289.13,737,2.71370420624152,0.1356852103120759,1.6282225237449115,2.03527815468114,4.07055630936228,2.170963364993216,3.799185888738128,3536.91,360.95,3016.6,3374.67,33654.71370420624
1414,7.053924022815865,1.907279945000921,,0.5715412237774788,0.7193564657313799,2124.9817865106324,476.3006375250424,936.333723634509,359.5614534325604,497.37592214309007,21.6291262758206,11.377753338681387,16.522720433665466,15.732798746721867,29.36373994783649,19.20659721541476,20.549250089586497,20.4130720526271,1055.477272147525,71754.0,0.8073432009962934,0.5991237658916126,542.3574311003805,16694.0,0.710521446197148,0.7919924765147883,,,0.5960270942385449,0.6300865004575466,425.4041122946064,8883.0,0.6124189066585412,0.7579144175216831,535.6345596729059,12690.0,0.5837932772088904,0.4833326858407029,48.08675354585792,43.407790881475606,32.44028202742846,25.066266455298088,1414,2023-02-23,2023-12-06,294,0.0,286.0,1,294.16527777777776,13.63738888888889,2.8989583333333333,3.538694444444445,4.005013888888889,3.194722222222222,1.9546666666666663,1.7115833333333332,1.6455,1.3453333333333333,97.08472222222224,26.102926472664624,33033.14166666667,5,7,1,8,6,14,15,10015.76,739,0.6765899864682002,0.9472259810554804,0.13531799729364,1.0825439783491204,0.8119079837618403,1.8944519621109608,2.029769959404601,2119.17,2602.02,2952.55,2342.02,33013.68200270636
1417,7.292307449618685,2.666775083203796,3.5879149531757104,,0.5509845103311355,1984.767881914721,563.4407977764597,,,164.92113209737806,15.76236417357503,,12.797991865241734,14.748897059453114,27.132780223327902,19.051758695366424,14.915326041373394,21.45053974184282,1060.208765546351,69268.5,0.7777045053447114,0.5259176243384343,589.8721497261419,20020.5,0.7252709471093086,0.7307009331896279,,,0.6223289760522662,0.6844817378991747,,,,,355.49242404917493,7168.5,0.7377971365415092,0.6445428402976936,56.60790360142053,49.42354710047128,,,1417,2023-04-09,2024-01-24,296,0.0,290.0,1,317.9960106382979,13.894760638297871,4.410372340425532,4.677566489361703,0.01,4.806808510638297,1.8051063829787235,1.7467021276595744,0.12,1.437845744680851,75.03590425531915,27.28002519086549,32309.860372340427,4,12,1,1,5,13,13,10577.04,765,0.522875816993464,1.568627450980392,0.130718954248366,0.130718954248366,0.6535947712418301,1.699346405228758,1.699346405228758,3344.96,3557.17,0.01,3674.9,32322.56862745098
1419,7.114597938822715,2.640531548919987,3.0948640844896698,0.5042442289753919,0.5455092919482611,2056.1752304699103,661.3014024743004,963.3124690077674,259.537493015266,239.51615991259504,15.840869107820136,10.064969300797486,18.783426672666184,17.647290050093947,27.811584725258182,15.743810605930278,22.657365623523063,21.89572716848423,1049.678282274302,67979.0,0.7719837129243248,,596.7416844009674,19966.5,0.6978484756903451,0.7727799135783147,714.6589462905454,30764.5,0.7645185265800929,0.6589415378817076,372.3919189857867,7830.5,0.7103292165531516,0.527881152226817,408.3325214724777,8338.5,0.6540610829015641,0.6026061677404846,48.51555904965765,44.319248466172205,27.939071866181788,32.43200434748738,1419,2023-03-28,2023-12-06,259,1.0,254.0,1,318.65302491103205,16.504697508896797,3.7186654804270463,4.483523131672597,4.094270462633452,4.208238434163701,1.7233451957295374,1.7155516014234875,1.3564056939501778,1.5044839857651244,98.0373665480427,24.798877817406545,37602.62277580072,0,4,2,6,2,7,8,9413.7,574,0.0,0.6968641114982579,0.3484320557491289,1.0452961672473868,0.3484320557491289,1.2195121951219512,1.3937282229965158,2125.99,2553.2,2325.31,2409.2,37689.385017421606
1422,6.19182279960591,0.7474783253855579,2.3167908381819853,1.375732068032585,1.0548489081935148,2015.9846508588405,204.88193575629515,713.9561133147712,588.3764153461201,533.503845137416,15.170322767464214,6.989839662269534,21.58410356257271,17.272069379234438,25.31881378697519,17.023829230765536,24.346864232566805,21.51497436356184,903.210244842766,48907.0,0.7572109361368675,0.6672680618337946,,5164.0,0.7431054166800597,0.6180142032840444,582.2091988222396,18471.0,0.6964923177779302,,478.5168106668145,12114.0,0.6523032246780353,0.8387034957886572,475.2914139223983,12773.0,0.7103073925842489,0.7043467457411577,39.72445290250037,36.11775942675455,33.72203927595383,39.03296575278752,1422,2023-03-11,2024-01-24,324,0.0,319.0,1,246.24399494311,12.65691529709229,0.5113527180783818,4.512553729456384,4.291934260429835,3.3410745891276865,2.252692793931732,1.2199494310998735,1.9296333754740835,1.8686978508217449,96.15802781289509,26.50309861328587,34438.71554993679,0,1,1,1,1,1,2,10023.83,794,0.0,0.1259445843828715,0.1259445843828715,0.1259445843828715,0.1259445843828715,0.1259445843828715,0.2518891687657431,405.04,3571.99,3399.81,2646.99,34384.81234256927
1423,6.407828217847658,2.08408434786064,2.7208850858223075,0.7827004132694337,0.5028042357997828,1848.074834269185,570.6826631346357,759.3786170023052,420.8799003982076,233.1749306647896,12.96291346213968,,16.270714857076044,,20.801524984210378,,18.97583070429787,,893.5950211536164,49766.0,0.7845687200257748,0.5678423161417008,522.2325394193526,14574.0,0.6838196722695077,0.7554493361982145,621.7655480083437,20378.0,0.6647311571551994,0.7376528478267221,456.7178207935912,7801.0,,0.8625603775044113,359.5868324581535,6204.0,0.6371631639357,,27.5118857760926,32.54376772024774,20.74559522993975,,1423,2023-05-06,2024-04-09,342,0.0,339.0,1,216.5812865497076,13.19509941520468,3.2522807017543856,3.140362573099416,3.607005847953216,3.195450292397661,1.815298245614035,1.983017543859649,1.8698245614035087,1.6772631578947368,104.68187134502924,33.100221615074354,33215.78128654971,18,16,10,23,24,34,40,11464.08,877,2.0524515393386547,1.8244013683010265,1.1402508551881414,2.622576966932725,2.7366020524515395,3.8768529076396807,4.561003420752566,2819.05,2720.35,3134.83,2789.85,33085.683010262255
1424,5.682220511137166,1.734657760119597,2.766475879138649,0.6034999751875803,0.7007468128563503,1669.508764446271,419.0020909475742,633.2481606208866,322.2304684876749,379.78484144918025,16.484759623186275,6.44668841688768,17.423841795564734,13.205379598268529,23.895985384416008,11.998376627852087,19.2623732770442,18.22325804233636,942.749350086167,56929.0,0.8054991635741084,0.5630908283109374,501.70057685088807,15434.0,0.7691201310229984,0.7354882257511486,637.4640328181787,23509.0,0.7241166292132736,0.6113478586238354,413.75945135393374,7225.0,0.5374790497934543,0.7916252945194389,439.5695885154504,10263.0,0.6623702921819264,,47.40336239934925,35.40052297900391,27.31885339126368,30.794101014454228,1424,2023-05-22,2024-02-17,274,0.0,271.0,1,255.96456692913387,10.304212598425195,2.783490813648294,2.14001312335958,2.2982152230971127,3.0824934383202103,1.3564566929133857,1.502992125984252,1.361732283464567,1.1643307086614174,102.46062992125984,26.735265112841628,29719.13517060368,2,7,5,17,7,22,25,7981.95,781,0.2560819462227913,0.8962868117797695,0.6402048655569782,2.176696542893726,0.8962868117797695,2.8169014084507045,3.201024327784891,2156.29,1658.72,1775.45,2391.49,29641.270166453265
1432,5.148753171037436,1.5168808851668132,2.4679818418194994,0.4439438077111873,0.4389689608993364,1603.7004597544983,390.8559277773141,686.4185574792621,237.5316597902024,276.24781399372125,12.188031629872643,5.56251695493456,15.969200954119556,17.045606270096293,21.14306901934924,12.25527131108582,16.598657639134352,17.39204858363204,967.9123009900694,59739.0,0.7997075419542712,0.6569387355787453,514.0939751330899,15655.0,0.7426502478416015,0.6805244068363532,661.0584412271571,24607.5,0.7063060708540241,0.7059220063860077,434.8391411371508,8822.5,0.5888658493538599,0.7941554025795243,433.7350647362943,10058.5,0.6752242319683016,0.7220039178672308,35.49317729731451,34.858149013083604,26.99645231651152,30.025504963732928,1432,2023-08-17,2024-05-28,294,0.0,285.0,1,257.9571045576408,13.137882037533512,3.133083109919572,3.349396782841823,3.215563002680965,3.4398391420911527,1.8899195710455765,1.440160857908847,1.4663002680965147,1.4915549597855229,96.73458445040214,26.28311136927866,32173.29490616622,2,4,2,4,4,8,10,9907.86,757,0.2642007926023778,0.5284015852047557,0.2642007926023778,0.5284015852047557,0.5284015852047557,1.056803170409511,1.321003963011889,2361.26,2524.03,2424.6,2597.97,32140.42536327609
1434,7.482313198204188,1.9905917886287408,2.6787110569133765,1.4019563101210275,,2289.446942137975,515.3098158015664,684.9408700626715,527.6265647526842,,21.47959470058783,12.858215950101211,,10.273557277543146,27.187673639436184,20.139161083755408,14.583840922754987,14.549297077048074,982.2640687119284,61767.0,0.8064404254263783,0.6296562461483155,562.4518395093589,17343.0,0.6880337689114082,0.6891985454098144,588.0315292925759,20881.0,0.7591118249226221,0.7265472624219176,490.031529292576,10805.0,0.5569690217352331,0.7559615461482311,550.6467529817257,12014.0,,0.6564424953522725,41.6988385237801,40.54611116740693,30.900120135567725,35.585006406613275,1434,2023-05-05,2024-03-21,327,0.0,321.0,1,360.5042372881356,18.738629943502826,4.609887005649718,4.827669491525424,4.228149717514125,5.072923728813559,1.7151694915254236,1.6679661016949154,1.4239830508474576,1.3958474576271187,96.614406779661,24.99475851845391,38463.39548022599,0,4,2,2,2,4,5,13339.66,713,0.0,0.5610098176718092,0.2805049088359046,0.2805049088359046,0.2805049088359046,0.5610098176718092,0.7012622720897616,3280.4,3438.91,3006.99,3613.36,38458.00701262272
1441,7.357479636404587,1.5018872808600574,,0.4365681963492919,0.2833560141031331,1671.2272663357385,377.87067410325966,862.0171732977069,245.51604644114389,251.6978302921904,20.03006932355977,6.12201270723021,14.513321902064291,12.49072374583978,27.62832607256272,12.565264559541928,18.88156965678784,18.351512573664245,950.7529214236354,57654.5,0.8016221498604692,0.5545452460962597,477.3421894643557,12726.0,0.7111792974474781,0.7754783396994283,,,0.592890479949927,0.6628383875137771,357.8122292025697,6600.0,0.642124903825479,0.7228164277002538,318.69343417595167,5104.5,0.6400972998364236,0.6176133893792777,51.182053940019614,44.27455663307712,32.05299959355911,35.42629158749993,1441,2023-05-09,2024-01-24,263,0.0,260.0,1,303.759375,10.494859375,2.522625,3.265234375,1.6506562500000002,3.05634375,1.333125,1.171875,1.513875,1.7803125000000002,95.803125,25.297082840413488,33990.6359375,0,4,1,1,1,5,6,6820.08,653,0.0,0.6125574272588056,0.1531393568147014,0.1531393568147014,0.1531393568147014,0.7656967840735069,0.9188361408882084,1637.12,2128.46,1072.13,1982.37,33970.96324655436
1442,6.474833213168152,2.6320063074486555,2.5704862545023444,0.5325287681779257,0.5731285339215946,1923.53943090883,572.5323680382418,671.130069836427,308.3632271125551,406.3812527894903,13.27395151584208,6.800284643154902,15.993899708955343,13.782806212007712,23.520091819145865,14.868626672143131,21.534944187266643,18.002209827609743,921.269119345812,53168.0,0.7879477120911564,0.6477117603334799,552.2386360737624,15720.0,,0.7077620294023762,532.7411613907042,17496.0,0.7753672780040669,0.6641003959882867,387.7350647362943,8353.0,0.6978963984050547,0.7157304354260197,447.072113832392,11128.0,0.7098477797342356,0.7036316527529306,44.108150746326366,50.82815870245607,28.004083367496875,31.666730669130853,1442,2023-06-05,2023-11-17,167,0.0,165.0,1,280.394540942928,12.94801488833747,2.948734491315136,3.329106699751861,3.573002481389578,3.097171215880893,1.4328535980148882,1.6485856079404466,1.6180645161290323,1.245409429280397,99.55583126550869,24.830043880264007,34172.828784119105,2,2,0,4,2,5,5,5304.94,412,0.4854368932038834,0.4854368932038834,0.0,0.9708737864077668,0.4854368932038834,1.2135922330097086,1.2135922330097086,1200.75,1362.95,1467.93,1273.31,34195.4927184466
1443,5.351960336684348,1.728300504762053,2.295301695250393,0.7785499291696683,0.6581532954450339,1892.196630653848,382.6214344091016,707.2855640156398,454.1726963901872,435.5702657273748,14.966531599639188,,12.743461840372037,13.539167386266277,25.54303534573237,,16.043460598507306,18.33045972033611,890.2468247692254,48770.0,0.7752820140068949,0.6256119739565459,406.7949852598665,9851.0,0.7428515485814006,0.6041206496716434,547.5706345359769,18336.0,0.7585372945131804,0.5325966652724384,457.8132752230962,11198.0,0.6664986534129446,0.8400936256268684,413.6173157302029,8873.0,0.6592950304306243,0.7350343094255811,42.599183128144176,43.13920349856512,30.874533987914575,38.19558679302204,1443,2023-07-27,2024-06-14,327,0.0,323.0,1,440.0196078431373,12.780928104575164,3.320771241830065,3.4738954248366016,1.558954248366013,4.427307189542484,1.3011764705882352,1.284235294117647,0.9210196078431372,0.9550588235294116,94.72549019607844,25.01733307352101,34628.081045751635,2,7,0,2,2,9,9,10084.71,792,0.2525252525252525,0.8838383838383838,0.0,0.2525252525252525,0.2525252525252525,1.1363636363636365,1.1363636363636365,2617.02,2722.6,1239.51,3505.58,34663.63762626263
1456,4.732467649055711,0.9534674120234669,2.9599187370275684,0.3789779919454848,0.7052499042534861,1486.6950473063569,303.311865118548,650.329053141159,302.93831905721714,397.3431415522505,13.590864754953616,7.590586015956894,11.740068065736308,12.84410713491712,19.522590722131056,11.457419567056668,13.919635375367715,14.698474687348437,,41220.0,,0.5527265361574005,371.14927829866735,8154.0,0.7090606108015303,0.6463099274371487,619.9371208835975,19165.0,0.5944541507381607,0.6324815022880559,387.8294731452727,6028.0,0.5381229850993153,0.8393617616005109,513.0731598529186,8089.0,,0.7967244103576482,33.48013028422146,34.00490124702108,17.728681724108846,23.53497839108329,1456,2023-07-09,2023-11-17,133,0.0,131.0,1,274.1078431372549,10.060539215686276,2.379093137254902,2.688799019607844,2.495,2.4976470588235293,1.366029411764706,1.1376470588235292,1.2373529411764703,1.300735294117647,97.65686274509804,25.041781341148067,27133.745098039217,0,1,1,2,1,3,4,4135.66,413,0.0,0.2421307506053268,0.2421307506053268,0.4842615012106537,0.2421307506053268,0.7263922518159807,0.9685230024213076,979.82,1100.22,1026.8,1028.82,27080.95641646489
1457,6.517052698698664,1.004173485248969,,0.5473485995467975,0.8253940055655834,1789.249391115139,314.56630458805193,,266.8569882994258,322.99293482598307,12.286480503402942,7.066869899721279,15.476101052292726,16.58247258648742,20.6274195251256,12.769652512410737,18.10782795087846,18.86043336879112,992.7199128346442,63076.5,0.8005837084841979,0.6386474220949228,419.0929291125633,10054.5,0.7317255415228752,0.7321545465438692,,,,0.6505180869410317,410.1350826831692,7658.5,0.5627307416281888,0.8374882635327775,432.350288425444,10504.0,0.6978199029665392,,42.49837186321064,47.22810070798178,29.17091909961757,41.36979204943015,1457,2023-10-10,2024-09-23,355,0.0,349.0,1,279.76218787158143,15.558894173602855,3.7636623067776456,3.5274791914387635,4.699048751486326,3.56870392390012,1.7282282996432818,1.8653507728894168,1.735434007134364,1.7266587395957196,97.43162901307969,28.378653921822742,34750.379310344826,9,24,3,20,12,40,43,13250.43,855,1.0526315789473684,2.807017543859649,0.3508771929824561,2.3391812865497075,1.4035087719298245,4.678362573099415,5.029239766081871,3198.49,2998.59,4010.61,3042.74,34862.18245614035
1458,6.610390978104677,1.092085331397119,3.776771979738849,0.9152474962155324,0.8178146998733915,1807.1311545691285,320.9355982728006,808.9902428325222,380.8309238415745,373.5681284726165,14.359955850109465,7.222174507641057,15.733748127632424,15.96395895720031,24.33750994981312,15.04667579196691,18.410342620545524,17.508792777263697,905.7041481883562,53667.5,0.8158112822724877,0.6404198834187758,375.4746570962086,8280.0,0.7419227502651244,0.6913289670307379,699.8929650063133,23655.0,0.6176379478339323,0.604277707016301,455.969083452062,10477.0,0.6393917273369404,0.7703264810810592,460.99547237638,10519.5,0.6095512619389558,0.5374353569020182,44.49962349903173,40.43317884377318,32.182506975921555,31.343478135145865,1458,2023-09-26,2024-09-23,365,0.0,363.0,1,217.912147505423,13.782798264642082,2.913214285714285,4.473980477223428,4.964490238611714,4.2558568329718005,2.225466377440348,1.95,2.415097613882863,2.1685683297180045,78.57375271149675,27.76951602800366,33050.30043383948,2,17,4,18,6,29,31,12799.43,936,0.2136752136752137,1.8162393162393164,0.4273504273504274,1.9230769230769231,0.641025641025641,3.0982905982905984,3.311965811965812,93.89,4148.76,4600.75,3956.03,33183.13782051282
1460,4.8173025438542005,1.44142728145794,1.832486543967556,0.723829885464051,0.5585857693619637,1558.0259751294911,437.7742230459523,484.2686338806287,345.0854017758732,349.9701472102194,12.866543328847616,4.175251534009796,16.6974279554644,17.234099489352943,20.744952133179424,10.25118368321618,18.452653148477307,19.208459838161588,862.2813126546316,45980.0,0.7775993142094693,0.7051021805277761,448.4751801064719,11892.0,0.7440235554812415,0.6299697177414024,475.8477631085024,14212.0,0.7894543356974875,0.6443506383851764,487.6234123846127,9511.0,0.498709854470141,0.8458975010895852,427.8416664540924,9832.0,0.6776784516942939,0.7993016007474593,39.68255547111932,37.398990815417775,23.08915150276428,30.14492310217077,1460,2023-08-02,2024-05-28,303,0.0,300.0,1,403.7477360931436,11.450491591203104,2.4780983182406207,3.4291591203104783,3.078939197930142,2.464294954721863,1.0496507115135834,0.9619404915912032,1.0219922380336353,1.0381630012936611,98.76196636481242,25.31081917111448,31109.411384217336,6,13,2,17,8,25,26,9199.93,811,0.7398273736128237,1.6029593094944512,0.2466091245376079,2.096177558569667,0.9864364981504316,3.082614056720099,3.2059186189889024,1986.49,2772.64,2459.23,1981.57,31419.21085080148
1461,7.019527976222569,3.028355215314135,2.705319600340662,0.6843943236942545,0.8577989474487582,1861.3274979731725,561.4971386510279,623.1641723244868,343.72718259721114,420.9620899904498,14.62335427283698,7.315972713551176,16.15203797904937,14.720162510388764,24.77818678072728,14.80601905349492,20.70038111164393,19.835085031751134,946.3731957466682,57783.0,0.8118055328607156,0.6242116382754141,609.4579361637689,18192.0,,0.7128549528590026,538.3538597629123,17838.0,0.7732999548861408,0.6486770918849529,416.6939571862149,9824.5,0.7090451896981411,0.6321377388636549,490.051821562484,11200.5,0.5944594983959213,0.73364883158565,48.76917741701175,51.03701914339454,37.71561218230882,31.804837989910048,1461,2023-09-04,2024-06-14,287,0.0,284.0,1,231.13458950201888,13.488034993270526,3.171493943472409,3.667752355316285,3.243055181695828,3.4057335127860027,1.5797039030955586,1.7171467025572005,1.5268102288021534,1.829878869448183,98.34051144010768,25.30170643504382,32097.66352624496,2,5,2,8,3,10,12,10150.86,758,0.2638522427440633,0.6596306068601583,0.2638522427440633,1.0554089709762533,0.395778364116095,1.3192612137203166,1.58311345646438,2385.16,2763.88,2428.63,2573.19,32052.04221635884
1462,6.869172035429136,2.405155616594442,3.363620659093468,0.5100976766884531,0.4766805545271892,1723.208782028671,511.2693069994969,746.1434133468547,258.515285991259,223.2211417733597,11.997895138160228,5.512534217361951,14.817734812401769,15.864975391001256,19.051622962077847,10.659425951722575,15.272982262376836,15.9325345937839,1039.2935059634517,69959.0,0.8124320091026942,0.6398094605976321,594.0792565073284,20092.0,0.7139035540727997,0.7765663641351424,759.8574311003805,30040.5,0.6509801619267276,0.7713398255804712,435.4157825931629,9759.0,0.6482146192785753,0.7006929101910084,407.2853172679884,9481.0,0.7194470484776625,,35.19684761706861,32.16110140310685,26.22849624589761,27.26255968867876,1462,2023-10-31,2024-08-20,300,0.0,294.0,1,176.58467741935485,14.511169354838708,3.885510752688172,3.62994623655914,3.5174596774193545,3.4782526881720432,2.871290322580645,2.922741935483871,2.1657258064516127,2.458467741935484,96.15725806451611,24.943235712611017,33712.040322580644,3,7,0,1,3,8,8,10839.97,748,0.4010695187165776,0.9358288770053476,0.0,0.1336898395721925,0.4010695187165776,1.06951871657754,1.06951871657754,2899.23,2710.95,2628.8,2600.99,33702.545454545456
1463,9.107660652598293,1.885219868738097,3.1597695620236195,,,2274.6389546233786,455.20808139111534,665.7293973127087,570.3027449880774,,16.305396598836797,10.888521685826165,19.60371930167996,21.234127895179963,26.699323098359645,17.234399719843495,23.392309088239024,23.77009772343721,1072.4356415871823,72912.0,0.7951467625483588,0.6956448465741222,475.9071606218114,13324.0,0.734792077787001,0.5901302231798329,569.3538597629123,19684.0,0.7616808094870897,0.5294643512844774,,,0.5346492926059425,0.8681856428489014,,,0.6093177441046427,0.7962470035262661,,55.11858481297945,39.706205444131655,45.21179819404828,1463,2023-09-06,2023-11-17,74,0.0,72.0,1,449.4353741496599,19.7243537414966,4.376530612244898,5.385442176870748,5.730272108843538,4.232108843537415,1.213877551020408,1.3885714285714286,1.3004081632653062,1.623265306122449,97.50340136054422,26.030902117749086,41456.5850340136,2,1,0,0,2,1,1,2912.72,149,1.342281879194631,0.6711409395973155,0.0,0.0,1.342281879194631,0.6711409395973155,0.6711409395973155,646.05,795.11,846.48,625.08,41125.20805369128
1470,5.929043477180597,2.1060365836963104,2.4385348814989305,0.3840608441271868,0.4142610515794669,1657.4394541307695,524.9769102378848,683.1410705210758,217.98462889270704,237.77231491158176,13.55807448751198,6.1233070469754125,16.005219112375247,17.099804483032493,22.10332615395745,11.237829024942643,18.225917807322784,19.76846189382963,904.1097397793778,51449.5,0.7885202419289126,0.5999892587676506,539.8746750430835,16761.5,0.7141297879731111,0.7836755251333074,618.7178207935912,21434.5,0.7087940652740845,0.7666075226046842,353.5132393293463,6277.0,0.6368032569754136,0.7621153008882702,349.84724009823907,6664.0,0.6859178057387673,0.4983470703198657,38.97536608449752,41.75485987254392,29.470928474137352,22.94009837563938,1470,2023-10-09,2023-11-17,40,0.0,39.0,1,187.69642857142856,9.979464285714286,2.5364285714285715,2.410625,2.557142857142857,2.475267857142857,1.9130357142857144,1.9896428571428573,1.5680357142857144,1.9896428571428573,102.125,26.88786356717853,29041.99107142857,1,0,3,4,3,4,6,1147.04,116,0.8620689655172413,0.0,2.586206896551724,3.4482758620689653,2.586206896551724,3.4482758620689653,5.172413793103448,294.08,279.14,287.71,286.11,28916.83620689655
1471,6.294603396527675,2.203116420760728,2.74530534096078,0.54045563142546,0.6707123460166999,1686.4986858546586,511.1076698514432,626.3964367349515,247.2261047227165,319.1063935833228,15.899714596264156,7.572329855848308,16.695595061001967,12.446951163442549,23.48486937576089,13.712188453379008,19.01150668618216,16.005092024088345,934.9503602129436,54972.0,0.7903353057152868,0.5403551992561851,553.6467529817257,17516.0,0.7168166286184448,0.7529598473327767,597.6234123846127,21191.0,0.7470284223728836,0.6835429463257028,338.5512985522207,6641.0,0.7241425318991278,0.4117302370601863,401.906637611548,9348.0,0.7211854428060125,0.5200841911808303,39.51773767310152,44.36450735284049,31.551529709370502,31.853378567391974,1471,2023-10-04,2024-08-20,325,0.0,321.0,1,233.29988052568697,14.418673835125448,3.300764635603345,3.645005973715651,4.286881720430108,3.186021505376344,1.6121863799283156,1.7892473118279568,2.009247311827957,1.6559856630824372,97.3094384707288,25.09896334608153,32512.25806451613,8,2,1,5,9,5,5,12136.5,843,0.9489916963226572,0.2372479240806643,0.1186239620403321,0.5931198102016607,1.0676156583629894,0.5931198102016607,0.5931198102016607,2777.27,3073.66,3602.72,2682.85,32539.0699881376
1472,5.409745830801635,1.819694773647997,2.078625979024,0.6637406194822807,0.7155916271356983,1868.9911614447144,446.6761762742899,664.8379821450393,406.5427865421397,440.22386284632535,14.118002097012358,7.859587600231698,17.247584221141093,16.285061541196587,23.983035138409896,16.747362709278562,20.547656743129885,20.54574645249272,868.1391770309006,46529.0,0.777872999929237,0.661525294849752,457.78888860545663,12054.0,0.724472913346395,0.7653189227540069,536.9604614807105,17170.0,0.7472211753515413,0.6690561922184786,449.2508293825822,7771.0,,0.8495820887353341,411.21424945612296,9111.0,0.6643257910873618,0.6179326970287724,50.62547179666564,45.20036504962351,33.51496997103661,38.651739338729485,1472,2023-09-18,2023-11-17,62,0.0,60.0,1,405.8267716535433,10.063622047244094,2.447716535433071,2.2725984251968505,2.45748031496063,2.8858267716535435,1.058267716535433,1.1314960629921258,0.9222047244094488,0.8976377952755905,102.0472440944882,26.83484416560539,33790.34645669291,7,24,6,22,13,36,38,1460.36,151,4.635761589403973,15.89403973509934,3.9735099337748334,14.56953642384106,8.609271523178808,23.841059602649008,25.165562913907287,373.59,324.61,339.84,422.32,33962.112582781454
1473,4.63862899643794,0.7697790304098814,1.6913430084520096,0.6435631573356154,,1784.0600257705692,351.9991250165276,834.1970095232391,284.1689979200338,526.2941391746789,19.474552596878954,7.177433618479806,16.526389561950065,13.724310102490946,23.784452787923435,14.629422400552794,17.835041976151487,17.96924068546995,915.8376618407356,51252.0,0.7809845370796452,0.6762032949129824,441.3452377915607,10723.0,0.7025692845165611,0.773483191930512,733.6295090390227,23182.0,,0.6599469580401821,356.770598642227,6930.0,0.6856474092353345,0.7633032691548625,500.6761902332485,12250.0,0.597323917900772,0.5797127534373091,38.30387878155594,29.87257031943528,45.479096332503936,35.98961610357178,1473,2023-10-27,2024-10-22,366,0.0,361.0,1,242.76476793248943,15.255727848101266,2.690516877637131,4.831751054852321,4.911930379746836,2.821529535864979,1.9091772151898736,1.4946202531645572,1.972025316455696,2.121582278481013,94.38713080168776,25.285840518443543,32220.733122362868,3,3,111,4,114,6,117,14547.73,956,0.3138075313807531,0.3138075313807531,11.610878661087868,0.4184100418410041,11.92468619246862,0.6276150627615062,12.238493723849372,2564.85,4619.66,4669.62,2693.6,32256.464435146445
1475,4.9393834280148265,0.971618640836004,3.212440572481439,0.5707330705669664,0.4492287080124685,2097.881261369784,418.23916442045294,,243.8824032570572,246.4054120641797,,7.210038680660073,,19.46821639762292,27.12014526960885,17.228731527588,,21.50760534542968,1111.0458146424487,77189.0,0.790328357418377,0.5907851424495527,442.5071426749364,10132.5,0.667948212841219,0.7311239348492883,,,0.6364177532046575,0.6753295305676246,404.8477631085024,7338.0,0.5702289280974675,0.7860590684506934,392.048773235279,8032.5,0.6672930118658427,0.6025040635715762,47.20474861354143,,39.16769622539459,41.88886767003715,1475,2023-10-09,2024-12-16,437,0.0,434.0,1,233.33364140480592,17.06677449168207,3.546931608133088,4.917439926062847,5.073003696857671,3.5293992606284657,2.399500924214418,2.6429390018484287,2.556155268022181,2.2156746765249538,96.6109057301294,25.98834847644602,33874.307763401106,7,1,0,5,7,6,6,18640.69,1096,0.6386861313868614,0.0912408759124087,0.0,0.4562043795620437,0.6386861313868614,0.5474452554744526,0.5474452554744526,3875.01,5385.36,5519.35,3860.97,33900.437956204376
1476,6.06212893091732,1.9838846728822173,2.5843096239071457,0.7716298920851636,0.6372716340488764,1960.320424817482,541.7782088457552,657.9361816308706,418.70426227602894,453.4926275897624,11.66204032278578,,12.908762046333909,,20.46612239552605,,18.92261607870463,,961.7199128346442,59162.0,0.8013565833991696,0.5916140840956642,553.6178387404661,16170.5,0.6723915024384544,,596.5670631985087,22392.5,0.784316262140222,0.68133433471287,463.7325394193525,10155.0,0.5894296213979955,0.7624233730001461,438.07516215959697,9746.5,0.663798246190227,0.638479074019884,,41.72399424848646,27.25867427734709,35.119735610496726,1476,2023-10-15,2023-11-17,37,0.0,33.0,1,347.0,9.064186046511628,2.336046511627907,1.9886046511627908,2.291279069767442,2.4482558139534887,1.0130232558139536,1.1337209302325582,0.883953488372093,0.8553488372093023,106.48837209302326,28.68684641641081,32498.52325581396,5,3,3,7,5,10,12,789.46,88,5.681818181818182,3.4090909090909087,3.4090909090909087,7.954545454545454,5.681818181818182,11.363636363636363,13.636363636363637,202.05,173.63,200.21,213.57,31940.75
1478,6.4747229834615,1.997308410638424,2.607944853533417,0.6973735609786018,0.9924758273888302,1772.0864590338151,438.5929419428961,647.4241053579156,300.7162043056576,435.55069285036586,12.946825388542443,5.975291713112421,13.752929706194356,14.970911093061538,22.29662702271271,12.705426105839308,17.17457119738156,16.992741363728058,886.4112549695428,49977.5,0.8008849584919924,0.5947596719489445,447.49852070358486,11575.0,0.7274500281729152,0.7319408586183034,540.4335495461293,18161.0,0.7815438624748849,,401.4005409571382,8094.0,0.6372720813944485,0.8175765406927129,459.8949673129917,11629.5,0.6943385531397696,0.5361415232749789,43.53468558053181,49.66865725649328,28.94473834881328,34.39248252194324,1478,2023-09-06,2024-06-14,285,0.0,282.0,1,199.607476635514,12.358998664886515,2.8968357810413887,3.2954205607476634,2.935807743658211,3.230934579439252,2.080053404539386,1.7606675567423231,1.6131909212283044,1.9131108144192257,94.30440587449934,24.323647619209908,31748.667556742323,1,0,3,8,3,8,11,9350.27,760,0.131578947368421,0.0,0.3947368421052631,1.0526315789473684,0.3947368421052631,1.0526315789473684,1.4473684210526316,2188.09,2495.4,2215.88,2450.9,31768.27631578948
1479,8.585355487803957,3.149125775706132,4.202152645051242,0.6016109330455617,,2238.588510278362,568.9756133340722,727.5000107606375,465.92853908100034,,14.869459912987212,,,18.843268246874192,23.21675813297672,,25.775544419072663,19.194339036965697,1055.494516090228,62501.0,,0.6440573444146158,526.8183258569795,15657.0,0.7089190842883878,0.7280394526986012,753.286363288515,26039.0,,,446.60512242138304,7726.0,,0.91794192360575,,12518.0,,0.8236914885174488,,48.66128136461845,,18.17392370737068,1479,2023-11-13,2024-12-09,402,0.0,392.0,1,385.4870317002882,14.718357348703169,3.7681268011527376,3.606772334293949,3.2616330451488955,4.081825168107589,1.3692795389048993,1.177098943323727,1.1115658021133523,1.21014409221902,96.12680115273776,26.53262255891209,31471.161383285304,8,117,22,110,28,165,175,15522.95,1060,0.7547169811320755,11.037735849056604,2.0754716981132075,10.37735849056604,2.6415094339622645,15.566037735849056,16.50943396226415,3970.95,3805.67,3430.2,4316.13,31460.64905660377
1483,6.213984506234864,1.9739263685191908,2.6616085388411443,0.6281702923557619,1.006087988142912,1826.227345238812,509.31143374704914,711.4245405044071,249.94428435427847,430.1911998996402,14.0013542631305,8.35254232932915,16.02580920819461,14.385839436648183,19.854292264587848,13.974695057618831,18.330915129276416,17.088895248883972,995.4219689819474,60956.0,0.7794803847905577,0.5930784092534211,548.1305550595491,17750.5,0.7337404262017455,0.7619717283641352,632.6747109368334,23024.5,0.7289653313203877,0.572543243100216,375.1589462905455,6967.0,0.6762169440653465,0.71043546578899,489.9371208835975,12994.0,0.714223702969818,0.6320765271852214,29.36748526548561,32.135873854571,33.69664511485926,34.25502515150771,1483,2023-10-25,2024-08-20,302,0.0,300.0,1,242.61302681992336,14.947994891443168,3.5607407407407408,3.785836526181354,4.373243933588761,3.228173690932312,2.4253639846743296,2.146590038314176,1.7957854406130267,2.005287356321839,98.22988505747126,29.2391720550974,32211.033205619413,7,4,0,5,7,7,7,11846.37,796,0.8793969849246231,0.5025125628140703,0.0,0.628140703517588,0.8793969849246231,0.8793969849246231,0.8793969849246231,2820.27,3005.36,3459.84,2560.9,32193.3216080402
1486,5.378144444039693,1.734114599103643,1.8615479301275524,0.7681594756482741,0.7024329897817789,1964.898449750988,521.3140159905038,589.6853464400035,475.6841538822338,451.2279219935811,11.027362775181109,7.977540855321791,14.97892439331918,14.23565412925586,19.27268452981044,14.778323492027605,18.658809822222658,18.713383690120917,949.000612744638,55237.0,0.7709659839381908,0.6254775352906552,507.1381310103742,15063.0,0.7328271914699986,0.547876599337814,539.025432638166,17549.0,0.7612313895314398,0.5753012192815925,525.9757031167352,10787.5,,0.785653968650478,496.49852070358486,11302.0,0.5725373099332245,0.7788342729033148,37.96143885090579,37.55460643383556,27.339604539679907,23.26423758209135,1486,2023-09-15,2023-11-17,64,1.0,64.0,1,193.83125,10.8856875,2.6850625,2.8569375,2.552125,2.7915625,1.744125,1.67025,2.480625,2.134875,93.79375,27.77041928215918,31800.4625,1,4,3,3,3,6,7,1837.04,171,0.5847953216374269,2.3391812865497075,1.7543859649122806,1.7543859649122806,1.7543859649122806,3.508771929824561,4.093567251461988,457.27,488.74,430.47,460.56,31781.508771929824
1487,8.376259576512549,5.059448154081469,3.538225021072913,0.712471244282213,0.5032874309677956,1788.6712567540892,869.119891650605,720.3591644375131,208.90104127459875,209.54466762112676,16.073776101298947,7.437729521541615,19.174353810223423,11.148354964438798,26.08552741873728,15.019270688221958,24.41564996442321,18.38865315809337,1033.56053326821,70514.5,,,847.6691372926869,26375.0,,0.7360971970882563,761.958459174032,30413.5,0.6588031211629549,0.7759587199889765,371.1614716074871,7398.0,0.6766318143602859,0.7919926277197055,354.2056274847714,5754.5,0.6029270512717732,0.7382960898476978,42.3021857115582,51.27682250450037,26.069106920653333,,1487,2023-10-23,2024-08-20,307,0.0,302.0,1,279.3574193548387,15.446851612903226,3.38461935483871,4.451754838709678,4.262335483870968,3.348141935483871,1.554348387096774,1.4298580645161292,1.579432258064516,1.783741935483871,102.3974193548387,28.1857899130322,32866.87225806452,7,2,0,4,7,5,5,12088.5,786,0.8905852417302799,0.2544529262086514,0.0,0.5089058524173028,0.8905852417302799,0.6361323155216284,0.6361323155216284,2633.47,3487.49,3339.83,2627.71,32828.12977099237
1495,5.7830342848173135,1.6686363257523165,3.1626545636893084,0.5572992442295648,0.5377607295984301,1910.238055931828,434.4062960409933,775.2942093618153,346.5814403280468,497.46440030630345,14.291566262749011,,14.49352595628095,9.97990178633952,20.844512079409576,22.632407239248675,19.108754756588542,12.493187604956267,946.414826307011,56875.0,0.7985052750676824,0.6007463444429897,506.5939751330898,14456.0,0.7074465532530796,0.7484604054480657,643.008188695463,22973.0,0.6987728997754341,0.6773565113238113,471.9340725563925,8788.0,,0.7274757839089916,514.6406563273158,10016.5,,0.6899485448013569,31.150009689313265,44.63544061945044,27.101730323214845,29.439392146562803,1495,2023-10-27,2023-11-17,22,0.0,21.0,1,211.34782608695653,10.53695652173913,2.731521739130435,2.4191304347826086,2.4732608695652174,2.9130434782608696,1.8821739130434785,1.900434782608696,1.4686956521739132,1.3591304347826088,100.3913043478261,26.26656367227656,39553.32608695652,0,1,1,2,1,2,2,484.7,46,0.0,2.1739130434782608,2.1739130434782608,4.3478260869565215,2.1739130434782608,4.3478260869565215,4.3478260869565215,125.65,111.28,113.77,134.0,39553.32608695652
1501,7.486283867160635,2.142604318180544,4.278478586818552,0.5238351084002674,0.72067460232311,1688.992494400512,433.10765681381713,923.9586143334408,210.8248713628853,209.5838351625703,16.49888937638491,10.23338128852767,13.177771036985582,12.886784843086168,27.66447165727718,17.346570627552204,18.30930893810267,18.03317482523565,836.7665940288703,46026.0,0.8229836323791563,,454.333044482741,11950.0,0.7310244676450877,0.7224338164784634,693.9432175380074,23024.0,0.5985916514442141,0.602978378673332,309.6579002700189,5335.0,0.6955121034488229,0.6587732557707922,292.7106781186548,5358.0,,0.6202161303096685,47.620275266187406,43.362852177457015,37.5542156247324,35.086377867722405,1501,2023-10-27,2023-11-17,22,0.0,21.0,1,263.775,13.0265,3.13425,3.37825,3.20875,3.30525,1.8465,1.677,1.5779999999999998,1.7414999999999998,97.725,40.53867257766311,41611.8,17,24,13,22,19,27,27,556.6899999999999,43,39.53488372093023,55.81395348837209,30.23255813953488,51.16279069767442,44.18604651162791,62.7906976744186,62.7906976744186,134.6,146.79,132.51,142.79,41876.09302325582
1504,5.5906574290461855,1.0460422713164046,2.2296371513466497,0.9234924485876768,,2040.123938446432,385.7941173710876,606.9894569889884,438.23882698860695,,16.89282010001838,5.71897972965292,18.28825873878597,16.147559625167478,27.94150417891893,17.925443763365244,21.19827014553871,20.743501878296573,939.7371567773472,54411.0,0.7750911616588368,0.647920360020538,447.19090885900994,12154.0,0.7653298601873189,,528.5756851698602,15901.0,0.7257917941225542,,497.5290039756343,11224.0,0.5728170116042103,0.8607550329529462,522.8772003600252,14700.0,0.6732086837978954,0.7762012532667162,,51.345718277925954,41.050007756019966,,1504,2023-11-06,2024-08-20,292,1.0,289.0,1,425.9704225352112,13.171338028169014,2.7797887323943664,3.4858591549295777,3.4519154929577467,3.453774647887324,1.0586197183098591,0.9453802816901408,1.156394366197183,1.129267605633803,92.98732394366198,25.97815307361844,33543.94929577465,1,2,2,3,3,4,6,9540.58,730,0.136986301369863,0.273972602739726,0.273972602739726,0.410958904109589,0.410958904109589,0.547945205479452,0.821917808219178,1993.32,2526.68,2512.82,2507.76,33584.26301369863
