metrics,intersection_union
mean,0.9291828425361144
min,0.735104156447235
max,0.9759975897161222
median,0.9387283398938182
