                  epoch,             train/loss,  metrics/accuracy_top1,  metrics/accuracy_top5,               val/loss,                 lr/pg0,                 lr/pg1,                 lr/pg2
                      1,                0.69789,                0.56452,                      1,                0.68628,              7.854e-05,              7.854e-05,              7.854e-05
                      2,                0.67222,                0.64516,                      1,                0.68091,             0.00016259,             0.00016259,             0.00016259
                      3,                 0.5852,                0.53226,                      1,                0.68823,             0.00024495,             0.00024495,             0.00024495
                      4,                0.47925,                 0.6129,                      1,                0.68604,             0.00032561,             0.00032561,             0.00032561
                      5,                  0.354,                0.54839,                      1,                0.69678,             0.00040458,             0.00040458,             0.00040458
                      6,                0.24376,                0.46774,                      1,                0.70679,             0.00048185,             0.00048185,             0.00048185
                      7,                0.09242,                0.51613,                      1,                0.71045,             0.00055742,             0.00055742,             0.00055742
                      8,                0.03896,                0.46774,                      1,                0.75977,             0.00063129,             0.00063129,             0.00063129
                      9,                0.02153,                0.45161,                      1,                0.74829,             0.00065745,             0.00065745,             0.00065745
