,cow,filename,volume2,arealf_vol2,rf_vol2,lb_vol2,rb_vol2,lf_area,rf_area,lb_area,rb_area,front_geo,back_geo,front_eu,back_eu,area,lf_vol2
0,,,5.753359037176437,,2.0284834080541696,1.7664533961627926,1.2598397806954793,0.04657320914831285,0.07019020107143664,0.052446153924188936,0.043099027448405894,0.25063179684591996,0.16083476686389472,0.17724000768580594,0.08527620241689292,0.20959620590725234,0.7820715191574769
